epoch,loss,clean_loss,adversarial_loss,clean_accuracy,adversarial_accuracy
1,0.3577244388141638,0.08564682681440342,0.6298020521093706,0.9590674314178894,0.9241105103918938
2,0.035519870743542764,0.030204804504148274,0.04083493696361405,0.9894366680107416,0.9868308083925138
3,0.02467803704319082,0.021645753850820678,0.027710320235119008,0.9921604770643209,0.991046814953794
4,0.021708074094874113,0.021258764006770917,0.022157384159957563,0.9920919018112095,0.9932083069318609
5,0.019157470253912273,0.01913492245029366,0.019180018028481585,0.9926843919980909,0.9942602513145876
6,0.018314229813591956,0.01838112304776451,0.018247336583085926,0.9929559500004115,0.9946703313281929
7,0.017213405582070285,0.01721993735902811,0.017206873780123096,0.9933619154988301,0.9948884006330867
8,0.018934341589829724,0.019261605999417387,0.018607077164676716,0.9928050844435666,0.9945564964080282
9,0.02038546703773347,0.020741538391127454,0.020029395638595376,0.9918985195974358,0.9941272153235517
10,0.01877023034438523,0.019511806355962003,0.018028654368810824,0.9928146849790023,0.9948431409660333
