experiment,implementation,model,attack,parameter,accuracy,precision,recall,f1,accuracy_drop,evasion_rate,successful_attacks,mean_l2,mean_linf,tn,fp,fn,tp,status
Attack Evaluation,Custom PyTorch,Original DNN,FGSM,epsilon=0.01,0.879636838702015,0.6432513690540105,0.6617327044372522,0.652361169341007,0.1159442966671883,,,,,,,,,FINAL
Attack Evaluation,Custom PyTorch,Original DNN,FGSM,epsilon=0.05,0.4136332530874554,0.1786237914379738,0.6769212075688453,0.2826601353314791,0.5819478822817479,,,,,,,,,FINAL
Attack Evaluation,Custom PyTorch,Original DNN,FGSM,epsilon=0.1,0.355160589156815,0.1626031528002833,0.6695092180406279,0.2616577123405652,0.6404205462123883,,,,,,,,,FINAL
Attack Evaluation,Custom PyTorch,Original DNN,PGD,"epsilon=0.01,steps=10",0.8937643862887004,0.6873971881648498,0.6923858653028311,0.6898825083234735,0.1018356137112996,,,,,,,,,FINAL
Attack Evaluation,Custom PyTorch,Original DNN,PGD,"epsilon=0.05,steps=10",0.4957687108942734,0.2080935726540847,0.6966717847319643,0.3204652332644833,0.4998312891057266,,,,,,,,,FINAL
Attack Evaluation,Custom PyTorch,Original DNN,PGD,"epsilon=0.1,steps=10",0.3894105604078023,0.1778077228947601,0.7112858862905809,0.2844967559364044,0.6061894395921976,,,,,,,,,FINAL
Attack Evaluation,Custom PyTorch,Original DNN,C&W,"steps=30,lr=0.01,C=1.0,kappa=0.0",0.0453254105453263,0.0003556179221821,0.0016348352461642,0.0005841651766507,0.9502745894546736,,,,,,,,,EXPERIMENTAL
Attack Evaluation,Custom PyTorch,Original DNN,DeepFool,"max_iter=10,overshoot=0.02",0.0109981468669231,0.0009450187624163,0.0045399816633344,0.001564400189555,0.9845829885022802,0.9929067673529518,526451.0,,,,,,,EXPERIMENTAL
Attack Evaluation,ART,Original DNN,FGSM,epsilon=0.01,0.868,0.6554054054054054,0.5449438202247191,0.5950920245398773,0.131,0.1311311311311311,,0.06217102,,771.0,51.0,81.0,97.0,FINAL
Attack Evaluation,ART,Original DNN,FGSM,epsilon=0.05,0.452,0.1660649819494584,0.5168539325842697,0.2513661202185792,0.5469999999999999,0.5475475475475475,,0.31085515,,360.0,462.0,86.0,92.0,FINAL
Attack Evaluation,ART,Original DNN,FGSM,epsilon=0.1,0.381,0.1178509532062391,0.3820224719101123,0.1801324503311258,0.618,0.6186186186186187,,0.6217103,,313.0,509.0,110.0,68.0,FINAL
Attack Evaluation,ART,Original DNN,PGD,"epsilon=0.01,steps=10",0.896,0.73125,0.6573033707865169,0.6923076923076922,0.1029999999999999,0.1031031031031031,,0.06434686,,779.0,43.0,61.0,117.0,FINAL
Attack Evaluation,ART,Original DNN,PGD,"epsilon=0.05,steps=10",0.513,0.1827515400410677,0.5,0.2676691729323308,0.486,0.4874874874874875,,0.3109641,,424.0,398.0,89.0,89.0,FINAL
Attack Evaluation,ART,Original DNN,PGD,"epsilon=0.1,steps=10",0.422,0.1563573883161512,0.5112359550561798,0.2394736842105263,0.577,0.5775775775775776,,0.6133945,,331.0,491.0,87.0,91.0,FINAL
Attack Evaluation,ART,Original DNN,C&W,"steps=30,lr=0.01,C=1.0,kappa=0.0",0.038,0.040983606557377,0.196629213483146,0.067829457364341,0.961,0.961961961961962,,28341.352,7088.3564,3.0,819.0,143.0,35.0,EXPERIMENTAL
Attack Evaluation,ART,Original DNN,DeepFool,"steps=50,overshoot=0.02",0.003,0.0023980815347721,0.0119760479041916,0.0039960039960039,0.994,1.0,997.0,1.3148637,0.71575683,1.0,832.0,165.0,2.0,EXPERIMENTAL
Adversarial Training,Custom PyTorch,FGSM-trained,Clean,Clean,0.988,0.936842105263158,1.0,0.967391304347826,0.0,0.0,,,,810.0,12.0,0.0,178.0,FINAL
Adversarial Training,Custom PyTorch,FGSM-trained,FGSM,epsilon=0.10,0.992,0.9619565217391304,0.99438202247191,0.977900552486188,-0.004,0.0060728744939271,,,,815.0,7.0,1.0,177.0,FINAL
Adversarial Training,Custom PyTorch,FGSM-trained,PGD,epsilon=0.10,0.791,0.4382470119521912,0.6179775280898876,0.5128205128205128,0.1969999999999999,0.1993927125506072,,,,681.0,141.0,68.0,110.0,FINAL
Adversarial Training,Custom PyTorch,FGSM-trained,C&W,epsilon=0.10,0.672,0.2242647058823529,0.3426966292134831,0.2711111111111111,0.3159999999999999,0.3198380566801619,,,,611.0,211.0,117.0,61.0,EXPERIMENTAL
Adversarial Training,Custom PyTorch,FGSM-trained,DeepFool,epsilon=0.10,0.159,0.0284495021337126,0.1123595505617977,0.0454029511918274,0.829,0.8390688259109311,,,,139.0,683.0,158.0,20.0,EXPERIMENTAL
Adversarial Training,Custom PyTorch,PGD-trained,Clean,Clean,0.959,0.815668202764977,0.99438202247191,0.8962025316455696,0.0,0.0,,,,782.0,40.0,1.0,177.0,FINAL
Adversarial Training,Custom PyTorch,PGD-trained,FGSM,epsilon=0.10,0.952,0.8009259259259259,0.9719101123595506,0.8781725888324874,0.007,0.0072992700729927,,,,779.0,43.0,5.0,173.0,FINAL
Adversarial Training,Custom PyTorch,PGD-trained,PGD,epsilon=0.10,0.953,0.8018433179723502,0.9775280898876404,0.8810126582278481,0.006,0.0062565172054223,,,,779.0,43.0,4.0,174.0,FINAL
Adversarial Training,Custom PyTorch,PGD-trained,C&W,epsilon=0.10,0.798,0.4508196721311475,0.6179775280898876,0.5213270142180094,0.1609999999999999,0.1678832116788321,,,,688.0,134.0,68.0,110.0,EXPERIMENTAL
Adversarial Training,Custom PyTorch,PGD-trained,DeepFool,epsilon=0.10,0.15,0.0014836795252225,0.0056179775280898,0.0023474178403755,0.8089999999999999,0.8435870698644421,,,,149.0,673.0,177.0,1.0,EXPERIMENTAL
Adversarial Training,Custom PyTorch,C&W-trained,Clean,Clean,0.981,0.9206349206349206,0.9775280898876404,0.9482288828337876,0.0,0.0,,,,807.0,15.0,4.0,174.0,FINAL
Adversarial Training,Custom PyTorch,C&W-trained,FGSM,epsilon=0.10,0.949,0.8159203980099502,0.9213483146067416,0.8654353562005277,0.032,0.036697247706422,,,,785.0,37.0,14.0,164.0,FINAL
Adversarial Training,Custom PyTorch,C&W-trained,PGD,epsilon=0.10,0.935,0.7839195979899497,0.8764044943820225,0.8275862068965517,0.0459999999999999,0.0468909276248725,,,,779.0,43.0,22.0,156.0,FINAL
Adversarial Training,Custom PyTorch,C&W-trained,C&W,epsilon=0.10,0.703,0.3049180327868852,0.5224719101123596,0.3850931677018633,0.278,0.2833843017329255,,,,610.0,212.0,85.0,93.0,EXPERIMENTAL
Adversarial Training,Custom PyTorch,C&W-trained,DeepFool,epsilon=0.10,0.024,0.0,0.0,0.0,0.957,0.9755351681957186,,,,24.0,798.0,178.0,0.0,EXPERIMENTAL
Adversarial Training,Custom PyTorch,DeepFool-trained,Clean,Clean,0.967,0.8536585365853658,0.9831460674157304,0.9138381201044384,0.0,0.0,,,,792.0,30.0,3.0,175.0,FINAL
Adversarial Training,Custom PyTorch,DeepFool-trained,FGSM,epsilon=0.10,0.913,0.6784313725490196,0.9719101123595506,0.7990762124711317,0.0539999999999999,0.0589451913133402,,,,740.0,82.0,5.0,173.0,FINAL
Adversarial Training,Custom PyTorch,DeepFool-trained,PGD,epsilon=0.10,0.892,0.6434426229508197,0.8820224719101124,0.7440758293838862,0.0749999999999999,0.077559462254395,,,,735.0,87.0,21.0,157.0,FINAL
Adversarial Training,Custom PyTorch,DeepFool-trained,C&W,epsilon=0.10,0.838,0.528169014084507,0.8426966292134831,0.6493506493506492,0.129,0.1334022750775594,,,,688.0,134.0,28.0,150.0,EXPERIMENTAL
Adversarial Training,Custom PyTorch,DeepFool-trained,DeepFool,epsilon=0.10,0.068,0.0239898989898989,0.1067415730337078,0.0391752577319587,0.899,0.9296794208893484,,,,49.0,773.0,159.0,19.0,EXPERIMENTAL
Defensive Distillation,V4,Distilled Student,Clean,Clean,0.997,0.9834254143646408,1.0,0.9916434540389972,,,,,,819.0,3.0,0.0,178.0,FINAL
Defensive Distillation,V4,Distilled Student,FGSM epsilon=0.10,epsilon=0.10,0.295,0.1424694708276797,0.5898876404494382,0.2295081967213114,0.702,,,,,190.0,632.0,73.0,105.0,FINAL
Defensive Distillation,V4,Distilled Student,PGD epsilon=0.10,epsilon=0.10,0.341,0.1736770691994572,0.7191011235955056,0.2797814207650273,0.6559999999999999,,,,,213.0,609.0,50.0,128.0,FINAL
Defensive Distillation,V4,Distilled Student,C&W,epsilon=0.10,0.016,0.0,0.0,0.0,0.981,,,,,16.0,806.0,178.0,0.0,EXPERIMENTAL
Defensive Distillation,V4,Distilled Student,DeepFool,epsilon=0.10,0.4,0.0,0.0,0.0,0.597,,,,,4.0,818.0,178.0,0.0,EXPERIMENTAL
Input Sanitization,Feature Squeezing,Original DNN,Clean,8-bit feature squeezing,0.999,0.994413407821229,1.0,0.9971988795518208,0.0,0.0,,,,821.0,1.0,0.0,178.0,FINAL
Input Sanitization,Feature Squeezing,Original DNN,FGSM,8-bit feature squeezing,0.822,0.5,0.6067415730337079,0.5482233502538071,0.177,0.1771771771771771,,,,714.0,108.0,70.0,108.0,FINAL
Input Sanitization,Feature Squeezing,Original DNN,PGD,8-bit feature squeezing,0.831,0.5205479452054794,0.6404494382022472,0.5743073047858943,0.168,0.1681681681681681,,,,717.0,105.0,64.0,114.0,FINAL
Input Sanitization,Feature Squeezing,Original DNN,C&W,8-bit feature squeezing,0.872,0.6582278481012658,0.5842696629213483,0.619047619047619,0.127,0.1271271271271271,,,,768.0,54.0,74.0,104.0,EXPERIMENTAL
Input Sanitization,Feature Squeezing,Original DNN,DeepFool,8-bit feature squeezing,0.901,0.7337278106508875,0.6966292134831461,0.7146974063400576,0.0979999999999999,0.0980980980980981,,,,777.0,45.0,54.0,124.0,EXPERIMENTAL
