Original_Index,Label,Clean_Prediction,Adversarial_Prediction,Clean_Probability,Adversarial_Probability,Attack_Success,L2,Linf
0,0.0,0,1,2.6455486e-06,0.83581907,True,0.7462722336516479,0.2524665668606758
1,1.0,1,0,1.0,0.2629112,True,0.6182125833739608,0.09817831963300705
2,0.0,0,1,3.0697334e-05,0.9988801,True,0.029030975708655496,0.004999999888241291
3,0.0,0,1,1.36668805e-05,0.719022,True,0.6640554624489484,0.21836122777312994
4,0.0,0,1,9.786475e-09,0.5228614,True,0.998404434225927,0.3009487986564636
5,0.0,0,0,2.2953692e-09,2.2953692e-09,False,0.0,0.0
6,1.0,1,0,1.0,0.46459827,True,0.9442209782629868,0.17523431777954102
7,0.0,0,1,4.4640803e-30,0.9795619,True,0.11648840034963823,0.01950959861278534
8,0.0,0,1,0.0045698844,0.9998964,True,0.03326596203211223,0.005000000353902578
9,0.0,0,1,2.1703875e-06,0.8922505,True,0.7277889040098215,0.2269856557250023
10,0.0,0,1,8.146304e-08,0.5815235,True,1.14274723307175,0.369763869792223
11,0.0,0,1,7.1129804e-08,0.55579805,True,0.43246035084312145,0.10977259278297424
12,1.0,1,0,0.99991155,2.811363e-07,True,0.05383758564892059,0.009999396279454231
13,0.0,0,0,0.0,0.0,False,0.0,0.0
14,0.0,0,0,0.0,0.0,False,0.0,0.0
15,0.0,0,1,3.5807133e-08,0.901574,True,0.8657454237832929,0.2782490849494934
16,1.0,1,0,1.0,0.33887097,True,0.9671083813939865,0.22877725958824158
17,0.0,0,0,1.0858233e-11,1.0858233e-11,False,0.0,0.0
18,0.0,0,1,5.9065055e-30,0.7276337,True,0.21505589705150102,0.04491925239562988
19,0.0,0,0,0.0,0.0,False,0.0,0.0
20,0.0,0,0,1.4758805e-09,1.4758805e-09,False,0.0,0.0
21,1.0,1,0,1.0,0.3121511,True,0.8277601937704615,0.1889534443616867
22,0.0,0,1,7.498325e-05,0.98316634,True,0.12229494031373034,0.024958830326795578
23,1.0,1,0,1.0,0.38826197,True,0.6177858289665942,0.09829822927713394
24,0.0,0,1,8.876628e-08,0.9117406,True,0.953676586925668,0.3101513385772705
25,0.0,0,0,0.0,0.0,False,0.0,0.0
26,0.0,0,0,2.1715341e-20,2.1715341e-20,False,0.0,0.0
27,0.0,0,1,2.548115e-12,0.7217563,True,0.2728859985280939,0.045069098472595215
28,1.0,1,0,0.9999796,2.401432e-07,True,0.058057205781685495,0.010005056858062744
29,0.0,0,1,2.7983845e-07,0.50131345,True,0.5205942983789982,0.1574132889509201
30,0.0,0,0,0.0,0.0,False,0.0,0.0
31,0.0,0,1,0.0,0.6501246,True,0.9511721673355223,0.20343101024627686
32,0.0,0,0,0.0,0.0,False,0.0,0.0
33,0.0,0,1,5.931821e-07,0.62805265,True,0.36486816878376827,0.07556712627410889
34,0.0,0,1,0.0,0.53631985,True,0.16677446812192023,0.02812325954437256
35,0.0,0,1,1.20563376e-20,0.6333711,True,0.9532968644938571,0.26057490706443787
36,0.0,0,1,5.069944e-07,0.59371716,True,0.032887842605278134,0.005000002682209015
37,0.0,0,1,3.1747012e-09,0.75842977,True,0.2876049926748479,0.06445897743105888
38,0.0,0,1,9.6900195e-09,0.9984982,True,0.06258114653671587,0.01000678539276123
39,0.0,0,0,0.0,0.0,False,0.0,0.0
40,0.0,0,1,6.603436e-07,0.6687225,True,0.1350213030179152,0.024945393204689026
41,0.0,0,0,0.0,0.0,False,0.0,0.0
42,1.0,1,0,1.0,0.45618212,True,0.4366293055145874,0.07129725813865662
43,0.0,0,1,0.0,0.56690484,True,1.221857992649186,0.41454239541781135
44,0.0,0,0,0.0,0.0,False,0.0,0.0
45,0.0,0,1,1.2008433e-06,0.61570835,True,0.03240375124744356,0.004999999888241291
46,0.0,0,1,8.451221e-09,0.60361564,True,0.29588733347995083,0.0649135410785675
47,1.0,1,0,1.0,0.37148592,True,0.6355046569889905,0.11193373799324036
48,0.0,0,1,8.795238e-21,0.6119907,True,0.19734154455200612,0.033878326416015625
49,0.0,0,1,0.18575396,0.92712826,True,0.030413813922868294,0.004999999888241291
50,0.0,0,1,9.2024246e-05,0.9992142,True,0.029030972513087734,0.004999999306164682
51,1.0,1,0,1.0,0.37167704,True,0.4542233323898688,0.07145711034536362
52,0.0,0,0,0.0,0.0,False,0.0,0.0
53,0.0,0,1,2.3755249e-09,0.5508875,True,1.2494661692547548,0.3936613202095032
54,0.0,0,1,8.7894054e-35,0.53316444,True,1.311589050469904,0.30985498428344727
55,0.0,0,0,3.517591e-11,3.517591e-11,False,0.0,0.0
56,0.0,0,1,1.4275372e-20,0.9742853,True,0.5087590804443537,0.1014845073223114
57,0.0,0,0,3.3945655e-11,3.3945655e-11,False,0.0,0.0
58,1.0,1,0,0.9981489,1.084698e-17,True,0.03339732591008644,0.005000000353902578
59,1.0,1,0,1.0,0.3732024,True,0.2473389843866418,0.045352935791015625
60,1.0,1,0,0.9999231,0.043023586,True,0.03322697511423488,0.005000002682209015
61,0.0,0,0,0.0,0.0,False,0.0,0.0
62,0.0,0,1,5.6964122e-06,0.874057,True,0.6401193024336198,0.20316759712295607
63,0.0,0,0,1.6558343e-11,1.6558343e-11,False,0.0,0.0
64,0.0,0,1,5.7536026e-06,0.74350405,True,0.7648430491497443,0.2641771321941633
65,1.0,1,0,1.0,0.47382334,True,0.2589895056206636,0.03957104682922363
66,0.0,0,1,3.5609077e-08,0.6010403,True,1.0427585799268049,0.30802416801452637
67,1.0,1,0,1.0,0.2622358,True,0.06578762974240603,0.010004281997680664
68,0.0,0,1,1.3919833e-13,0.8891767,True,0.061444851183316815,0.00991542637348175
69,0.0,0,0,5.215418e-37,5.215418e-37,False,0.0,0.0
70,0.0,0,1,2.3040255e-05,0.7642798,True,0.5517264288516677,0.18709353572921827
71,0.0,0,1,5.8761798e-33,0.5742076,True,1.700671093059002,0.370147168636322
72,0.0,0,1,1.3837871e-10,0.59202707,True,1.1893263366552262,0.3865652084350586
73,0.0,0,0,0.0,0.0,False,0.0,0.0
74,1.0,1,0,1.0,0.14131944,True,1.0075864194080648,0.16243815422058105
75,0.0,0,0,0.0,0.0,False,0.0,0.0
76,0.0,0,0,0.0,0.0,False,0.0,0.0
77,0.0,0,1,1.5255556e-06,0.85096365,True,0.8000645764696271,0.24104273796547204
78,0.0,0,1,1.6163282e-06,0.68416315,True,0.8080862572692462,0.2470558136701584
79,1.0,1,0,0.9999989,0.4970564,True,0.5877859476468472,0.14186197519302368
80,0.0,0,1,3.0594052e-09,0.57571113,True,1.110484061937091,0.34649062156677246
81,1.0,1,0,1.0,0.38088927,True,0.7991588000107187,0.12698271870613098
82,0.0,0,1,5.1024676e-07,0.8359642,True,0.9166902797287783,0.3136720545589924
83,0.0,0,1,0.0006838467,0.5183932,True,0.44649510805997283,0.12136809527873993
84,1.0,1,0,1.0,0.42203194,True,0.5889042167198972,0.09898132085800171
85,0.0,0,0,6.4956187e-38,6.4956187e-38,False,0.0,0.0
86,1.0,1,0,0.9962947,7.910402e-18,True,0.03339732932617716,0.005000000353902578
87,0.0,0,1,1.2385121e-08,0.574904,True,1.2387691453311713,0.39210090786218643
88,1.0,1,0,0.9972395,6.5492534e-18,True,0.033397329256416385,0.005000000353902578
89,0.0,0,0,3.197662e-12,3.197662e-12,False,0.0,0.0
90,0.0,0,1,1.1308373e-09,0.51919717,True,0.3867939181291509,0.07663544267416
91,0.0,0,1,1.184953e-25,0.8738238,True,0.6086280242015919,0.1544533595442772
92,0.0,0,1,1.3974021e-07,0.92927736,True,0.8088702891315762,0.2689690589904785
93,0.0,0,1,6.69143e-05,0.76980567,True,0.5155191089694919,0.17584563698619604
94,0.0,0,0,1.7793386e-09,1.7793386e-09,False,0.0,0.0
95,0.0,0,1,2.4777634e-30,0.62802136,True,0.16016189013201337,0.029903732240200043
96,0.0,0,0,5.5918415e-17,5.5918415e-17,False,0.0,0.0
97,0.0,0,0,0.0,0.0,False,0.0,0.0
98,0.0,0,1,0.45836538,0.5004902,True,0.0482603013705044,0.028899624943733215
99,1.0,1,0,0.99957234,0.0016123503,True,0.03168647275761584,0.005000002682209015
100,0.0,0,0,1.055143e-12,1.055143e-12,False,0.0,0.0
101,0.0,0,1,3.1990844e-30,0.60680735,True,0.34643272121643454,0.085673987865448
102,0.0,0,0,2.1220192e-09,2.1220192e-09,False,0.0,0.0
103,0.0,0,1,6.0845763e-05,0.55723387,True,0.10235469869099481,0.01996089145541191
104,1.0,1,0,1.0,0.4823991,True,1.0188502132599595,0.1892467588186264
105,0.0,0,1,2.7363616e-09,0.5375419,True,1.1762495576689727,0.37642115354537964
106,0.0,0,0,0.0,0.0,False,0.0,0.0
107,0.0,0,1,5.7565003e-06,0.74354,True,0.7648417248015565,0.2641771321941633
108,0.0,0,1,8.01414e-37,0.6322086,True,0.46260176081883264,0.10667097568511963
109,0.0,0,1,1.2321979e-07,0.61353385,True,0.988233260807895,0.2978585958480835
110,0.0,0,1,2.5906408e-07,0.942795,True,0.8684294422678331,0.28463125228881836
111,0.0,0,0,2.7292441e-11,2.7292441e-11,False,0.0,0.0
112,0.0,0,0,3.4572385e-09,3.4572385e-09,False,0.0,0.0
113,0.0,0,1,4.3224446e-08,0.92846143,True,0.9899076511403749,0.31913864612579346
114,0.0,0,1,2.1497673e-08,0.59808767,True,0.9463124131493025,0.27607786655426025
115,0.0,0,1,1.2931435e-05,0.88709474,True,0.5490804230826005,0.1817925712093711
116,0.0,0,1,2.038459e-08,0.54961735,True,1.1996217552905297,0.36644285917282104
117,0.0,0,1,6.9279276e-06,0.8515943,True,0.7186959166158743,0.24511242264998145
118,0.0,0,1,3.13442e-31,0.75713843,True,0.35343298385641675,0.07964581251144409
119,0.0,0,1,0.00024479395,0.99909675,True,0.02945835921379684,0.005000002682209015
120,0.0,0,0,8.617607e-06,8.617607e-06,False,0.0,0.0
121,0.0,0,0,0.0,0.0,False,0.0,0.0
122,0.0,0,0,9.009994e-10,9.009994e-10,False,0.0,0.0
123,0.0,0,1,5.8575955e-05,0.8352539,True,0.480374153200159,0.17966786987381056
124,1.0,1,0,1.0,0.034110572,True,0.09806136414230858,0.015021950006484985
125,0.0,0,0,0.0,0.0,False,0.0,0.0
126,0.0,0,1,0.0,0.53182673,True,0.6156110426604169,0.19672434031963348
127,0.0,0,0,0.0,0.0,False,0.0,0.0
128,0.0,0,1,2.2537606e-07,0.90558493,True,1.0611956643312357,0.34141552448272705
129,0.0,0,0,0.0,0.0,False,0.0,0.0
130,0.0,0,1,1.3231026e-08,0.76182365,True,0.4327147968749366,0.20998039667028934
131,0.0,0,1,8.0261725e-07,0.8898013,True,0.9563916509024852,0.3319622687995434
132,1.0,1,0,1.0,0.4199351,True,0.5880619779399828,0.09907108545303345
133,0.0,0,1,1.2358674e-07,0.9004168,True,0.772771300171092,0.2443619966506958
134,0.0,0,0,0.0,0.0,False,0.0,0.0
135,0.0,0,1,3.6854328e-07,0.85355645,True,0.9051650451401597,0.2988005764782429
136,0.0,0,1,5.1108975e-07,0.8442121,True,0.9744771079654994,0.3309812806546688
137,1.0,1,0,1.0,0.30934379,True,0.6855447489764399,0.10880345106124878
138,0.0,0,1,8.8484995e-08,0.87821573,True,0.46659542639884616,0.08753478527069092
139,1.0,1,0,1.0,0.49689633,True,0.8091896179446517,0.19085697829723358
140,1.0,1,0,0.99999917,0.45160368,True,0.032465857972099305,0.005000002682209015
141,1.0,1,0,0.9999975,4.8291964e-05,True,0.0551316625082296,0.009916642680764198
142,0.0,0,1,9.362164e-07,0.8454774,True,0.9293674942284909,0.31594855710864067
143,1.0,1,0,0.99673826,5.660106e-18,True,0.03339732981413843,0.005000000353902578
144,0.0,0,0,3.4172587e-25,3.4172587e-25,False,0.0,0.0
145,0.0,0,1,2.227567e-05,0.76444143,True,0.6244847183811304,0.2056757605751045
146,1.0,1,0,0.99550503,7.5720447e-16,True,0.03413772828868887,0.004999999888241291
147,0.0,0,1,4.4986584e-07,0.94309074,True,0.8599699699802854,0.2811511158943176
148,0.0,0,0,0.0,0.0,False,0.0,0.0
149,0.0,0,0,0.0,0.0,False,0.0,0.0
150,1.0,1,0,0.9994261,0.055360727,True,0.028445100400682356,0.005000002682209015
151,0.0,0,1,1.6301058e-20,0.6957788,True,0.3573194416291813,0.12322542071342468
152,0.0,0,1,0.0,0.5355115,True,0.5731680068866638,0.11232542991638184
153,0.0,0,0,4.064184e-32,4.064184e-32,False,0.0,0.0
154,1.0,1,0,0.9960349,1.0134167e-17,True,0.03339732967470778,0.005000000353902578
155,0.0,0,1,0.0,0.5567588,True,1.0950259440964663,0.29940345883369446
156,0.0,0,0,0.0,0.0,False,0.0,0.0
157,0.0,0,1,9.727249e-07,0.83593905,True,0.8689613994484495,0.2606011629104614
158,0.0,0,0,0.0,0.0,False,0.0,0.0
159,0.0,0,1,0.0,0.5319713,True,1.688459533548414,0.40672117471694946
160,0.0,0,1,0.0158714,0.57773525,True,0.4582722442966403,0.22358489036560059
161,0.0,0,0,0.0,0.0,False,0.0,0.0
162,0.0,0,1,3.5567924e-09,0.871123,True,1.0562758647979893,0.3206089735031128
163,0.0,0,1,1.3905982e-07,0.8324669,True,0.8763418694588972,0.2719734311103821
164,0.0,0,0,9.622412e-12,9.622412e-12,False,0.0,0.0
165,1.0,1,0,1.0,0.08951986,True,0.0585022289166441,0.010003626346588135
166,0.0,0,1,1.3245933e-05,0.7811195,True,0.6005216588764153,0.1913123121485114
167,0.0,0,1,8.225746e-23,0.67066145,True,0.43529558995126155,0.09386798739433289
168,0.0,0,1,0.22926722,0.99991894,True,0.028935858513980076,0.004999999888241291
169,0.0,0,1,2.5424082e-10,0.5756782,True,1.2942240928960265,0.428419291973114
170,1.0,1,0,0.9973424,6.982769e-18,True,0.033397329256416385,0.005000000353902578
171,0.0,0,1,2.2311879e-07,0.85582656,True,1.078484845924833,0.3326023817062378
172,0.0,0,1,1.1974824e-08,0.54561025,True,1.2404929159213867,0.38566475734114647
173,1.0,1,0,1.0,0.29449883,True,0.5181747027372245,0.08776158094406128
174,1.0,1,0,0.9973671,5.789471e-18,True,0.03339732814111896,0.005000000353902578
175,0.0,0,1,4.5590685e-19,0.5025506,True,0.7833788870511205,0.20714396238327026
176,0.0,0,1,3.4596555e-15,0.7055858,True,0.25749289121509683,0.08586587011814117
177,0.0,0,1,2.4889587e-06,0.858368,True,0.743658432513948,0.23064670927124098
178,0.0,0,0,0.0,0.0,False,0.0,0.0
179,0.0,0,1,1.0918756e-06,0.7630727,True,0.8786457617779453,0.2747364640235901
180,0.0,0,0,0.14276844,0.14276844,False,0.0,0.0
181,0.0,0,1,2.4512478e-06,0.72076654,True,0.851876232545328,0.2659890241920948
182,0.0,0,1,0.0,0.62009543,True,0.6657806278658304,0.1558803915977478
183,0.0,0,1,3.0778194e-06,0.90036917,True,0.6592364073425829,0.20764189958572388
184,0.0,0,0,0.04581257,0.04581257,False,0.0,0.0
185,0.0,0,1,7.6450715e-06,0.61926615,True,0.26827662761453486,0.07011276483535767
186,0.0,0,1,2.788309e-32,0.8647957,True,0.1043171152981895,0.019711077213287354
187,0.0,0,0,1.2268739e-12,1.2268739e-12,False,0.0,0.0
188,0.0,0,1,7.383494e-18,0.76667875,True,0.7196685944798398,0.13881683349609375
189,0.0,0,1,9.4515514e-07,0.8458813,True,0.9292380643134,0.31617987900972366
190,0.0,0,1,2.860569e-07,0.885401,True,0.8168828861829543,0.2674374580383301
191,1.0,1,0,0.99709785,5.2272397e-18,True,0.033397329256416385,0.005000000353902578
192,0.0,0,1,8.431866e-05,0.71409035,True,0.4811828408584107,0.1679201818187721
193,0.0,0,1,9.414796e-05,0.8780865,True,0.5087792356680952,0.18898607697337866
194,0.0,0,1,7.7086265e-10,0.8109104,True,0.16391526915741958,0.02979704737663269
195,0.0,0,1,8.940175e-08,0.57674384,True,1.0824108934518404,0.3196375295519829
196,0.0,0,1,3.9276983e-05,0.94154644,True,0.1320539067782098,0.024983501061797142
197,1.0,1,0,1.0,0.0053465664,True,1.0295068224419677,0.2696903347969055
198,0.0,0,1,1.6034394e-06,0.82876897,True,0.7999218342778139,0.24717762973159552
199,0.0,0,0,1.4661474e-09,1.4661474e-09,False,0.0,0.0
200,0.0,0,1,5.622035e-07,0.8785576,True,0.7406573660777602,0.233405246399343
201,0.0,0,1,0.0,0.62601644,True,0.6965519531060977,0.15288150310516357
202,1.0,1,0,1.0,0.02509323,True,0.09863526437404861,0.015016734600067139
203,0.0,0,1,0.00010192108,0.5975697,True,0.08614438579870481,0.0150166479870677
204,0.0,0,1,1.03704815e-05,0.81054294,True,0.6219153650781465,0.2191453268751502
205,1.0,1,0,1.0,0.39915887,True,0.6244310176071334,0.09816142171621323
206,0.0,0,0,3.77295e-09,3.77295e-09,False,0.0,0.0
207,0.0,0,1,1.735168e-10,0.51756364,True,1.2846656330457211,0.4204517602920532
208,0.0,0,0,4.422216e-15,4.422216e-15,False,0.0,0.0
209,0.0,0,1,6.2457395e-05,0.98106444,True,0.12376266884051679,0.025024712085723877
210,0.0,0,1,5.903175e-14,0.77968085,True,0.28689289019633857,0.06583352026063949
211,0.0,0,1,2.7016066e-08,0.6079381,True,0.5163602397041944,0.10151591897010803
212,0.0,0,1,8.178778e-09,0.5316629,True,1.3222155984462798,0.44447100162506104
213,0.0,0,0,3.2126527e-34,3.2126527e-34,False,0.0,0.0
214,0.0,0,0,6.054122e-15,6.054122e-15,False,0.0,0.0
215,0.0,0,0,9.856367e-35,9.856367e-35,False,0.0,0.0
216,0.0,0,1,2.8190894e-25,0.55278444,True,0.5272533326507884,0.11562705039978027
217,0.0,0,0,0.0,0.0,False,0.0,0.0
218,0.0,0,1,2.1856124e-05,0.7459066,True,0.6217352144228553,0.20483933296054602
219,0.0,0,1,9.589795e-09,0.551086,True,1.0418012176184754,0.32027149200439453
220,0.0,0,0,4.5345703e-11,4.5345703e-11,False,0.0,0.0
221,0.0,0,1,2.488356e-05,0.5984331,True,0.6280874093841404,0.22070846921997145
222,1.0,1,0,1.0,0.16459335,True,0.7509207091715346,0.11982971429824829
223,0.0,0,1,4.0781914e-10,0.5419569,True,0.6221485544885029,0.145308256149292
224,0.0,0,0,1.0866e-15,1.0866e-15,False,0.0,0.0
225,0.0,0,1,7.720322e-07,0.8465289,True,0.7714276820046075,0.25856084004044533
226,0.0,0,1,0.0,0.50165313,True,0.5593672079075694,0.10069622099399567
227,0.0,0,0,3.553235e-34,3.553235e-34,False,0.0,0.0
228,0.0,0,1,5.8574226e-19,0.50847095,True,0.5440047166450377,0.17503075301647186
229,1.0,1,0,1.0,0.47632667,True,0.7628120383119484,0.18420223891735077
230,0.0,0,1,5.862575e-05,0.7875998,True,0.03250551816840732,0.004999999888241291
231,0.0,0,0,2.3075272e-10,2.3075272e-10,False,0.0,0.0
232,0.0,0,0,0.0,0.0,False,0.0,0.0
233,0.0,0,1,2.3280383e-05,0.849314,True,0.5420093275931475,0.17871396150439978
234,0.0,0,0,0.0,0.0,False,0.0,0.0
235,0.0,0,1,0.14847916,0.5267514,True,0.3449740913848137,0.17244429513812065
236,0.0,0,1,3.204319e-18,0.5082104,True,1.2041191808213136,0.3403264284133911
237,0.0,0,1,0.00017787398,0.99928015,True,0.02903097299519581,0.004999999306164682
238,0.0,0,1,2.2544391e-05,0.9602251,True,0.08677643144036842,0.015006661415100098
239,0.0,0,0,0.0,0.0,False,0.0,0.0
240,0.0,0,0,0.0,0.0,False,0.0,0.0
241,0.0,0,1,4.1358017e-08,0.5261741,True,0.23038091212714926,0.04496388882398605
242,0.0,0,1,0.0,0.53796697,True,0.48063587414207465,0.10479289293289185
243,0.0,0,1,2.4129855e-08,0.50287193,True,1.1823472219561306,0.35203254222869873
244,0.0,0,1,1.5918986e-05,0.982314,True,0.0330510577535347,0.005000000353902578
245,0.0,0,0,0.0,0.0,False,0.0,0.0
246,0.0,0,0,5.0887707e-09,5.0887707e-09,False,0.0,0.0
247,0.0,0,1,1.8667853e-06,0.85656184,True,0.7898832246910759,0.24848441779613495
248,0.0,0,1,2.1512276e-05,0.815484,True,0.59020084095988,0.21445373661117628
249,0.0,0,1,1.15260514e-23,0.56249106,True,0.1289755963727722,0.036273062229156494
250,0.0,0,0,2.7418484e-12,2.7418484e-12,False,0.0,0.0
251,0.0,0,1,3.046557e-18,0.5750596,True,0.6051074449774285,0.1570443958044052
252,0.0,0,0,6.333379e-13,6.333379e-13,False,0.0,0.0
253,0.0,0,1,1.0413123e-07,0.5192325,True,1.1994863055685858,0.3669961802661419
254,0.0,0,1,2.8140183e-05,0.777087,True,0.5565082963468283,0.18243514961795881
255,1.0,1,0,0.9999994,0.4071011,True,0.6415782580162576,0.1471341468859464
256,0.0,0,1,0.0,0.79598475,True,0.9648784622100572,0.208502396941185
257,1.0,1,0,0.9999976,3.533043e-05,True,0.05805202693503332,0.010005950927734375
258,0.0,0,1,0.0001039189,0.87520957,True,0.36920102793253384,0.12370393332093954
259,0.0,0,0,0.0,0.0,False,0.0,0.0
260,0.0,0,1,1.5262549e-38,0.71897537,True,0.43819308661406975,0.09900761197786778
261,0.0,0,1,5.9564528e-08,0.91368186,True,0.9752295064679465,0.31793785095214844
262,0.0,0,1,2.9720854e-07,0.8409705,True,0.9126610513431013,0.2819845676422119
263,0.0,0,1,1.07965676e-07,0.8786591,True,1.0002891445031499,0.32206859439611435
264,0.0,0,1,3.9464627e-08,0.9160308,True,1.042968830680541,0.3371872901916504
265,0.0,0,0,4.7386682e-14,4.7386682e-14,False,0.0,0.0
266,1.0,1,0,1.0,0.28962466,True,0.9522777949936585,0.21709564328193665
267,0.0,0,1,0.0,0.6672628,True,1.0750277201670027,0.3562096655368805
268,0.0,0,0,0.0,0.0,False,0.0,0.0
269,0.0,0,1,8.8282343e-07,0.8382349,True,0.8743490345063498,0.2962430603802204
270,0.0,0,1,2.2443574e-07,0.9043323,True,0.8339985830437848,0.27391517162323
271,0.0,0,0,0.0,0.0,False,0.0,0.0
272,1.0,1,0,1.0,0.48267546,True,0.7982734706918017,0.125512957572937
273,0.0,0,1,0.00024353291,0.99900097,True,0.029458360715399846,0.004999999422580004
274,1.0,1,0,0.9955923,1.4810018e-16,True,0.03376397911619172,0.004999999888241291
275,0.0,0,1,1.8313669e-05,0.82788914,True,0.6280648345883227,0.22128075186628848
276,0.0,0,1,1.0643729e-22,0.5457998,True,1.0246581226894327,0.3417091965675354
277,0.0,0,1,2.7471938e-06,0.5956037,True,0.8150703209772356,0.2549912165850401
278,0.0,0,1,1.7987901e-06,0.7187873,True,0.81947445021956,0.24550195690244436
279,1.0,1,0,1.0,0.34059685,True,0.9298073874510526,0.15328128822147846
280,1.0,1,0,1.0,0.2675502,True,0.7288305925380405,0.11462435126304626
281,1.0,1,0,1.0,0.2025573,True,0.06709154723256615,0.01000659167766571
282,0.0,0,1,8.4936393e-13,0.64014184,True,0.3343494990229845,0.12083272635936737
283,0.0,0,0,8.997156e-12,8.997156e-12,False,0.0,0.0
284,0.0,0,1,0.0,0.7814646,True,0.0858792140033268,0.014303520321846008
285,0.0,0,0,0.0,0.0,False,0.0,0.0
286,0.0,0,1,2.337435e-19,0.7186817,True,1.0107295942891945,0.2021479308605194
287,0.0,0,0,0.0,0.0,False,0.0,0.0
288,0.0,0,1,7.6320373e-07,0.8241434,True,0.9420390373951688,0.31634024903178215
289,1.0,1,0,1.0,0.00017009348,True,0.07730610451916044,0.014991387724876404
290,0.0,0,1,2.2927652e-07,0.89562476,True,0.8401804004913165,0.2669593095779419
291,0.0,0,0,5.9415194e-12,5.9415194e-12,False,0.0,0.0
292,0.0,0,0,0.0,0.0,False,0.0,0.0
293,0.0,0,1,3.9814605e-08,0.51338106,True,1.1738604367966643,0.35503411293029785
294,0.0,0,1,5.2829732e-06,0.7416577,True,0.76544628078795,0.2643059027614072
295,1.0,1,0,0.9999999,1.0957772e-05,True,0.060736268872971524,0.01000678539276123
296,0.0,0,0,0.0,0.0,False,0.0,0.0
297,0.0,0,1,0.00010586962,0.86484563,True,0.4788927084290954,0.18369700975017622
298,0.0,0,1,0.010229437,0.7848698,True,0.12810638314108339,0.02848171256482601
299,0.0,0,1,3.7818396e-07,0.9461598,True,0.8947939373581095,0.29229629039764404
300,0.0,0,1,1.3025787e-05,0.8490407,True,0.6203395426255701,0.21953579253749922
301,0.0,0,1,1.6813212e-13,0.7857971,True,0.37762518074923357,0.1450922191143036
302,0.0,0,1,1.9209243e-09,0.94642985,True,1.0005685079573585,0.3522989749908447
303,0.0,0,1,0.0,0.68901926,True,0.5966401800151541,0.1286626011133194
304,0.0,0,0,5.856535e-17,5.856535e-17,False,0.0,0.0
305,1.0,1,0,1.0,0.49758068,True,0.39408022856127095,0.08150157332420349
306,1.0,1,0,0.9999993,0.4578492,True,0.03246585796439822,0.005000002682209015
307,0.0,0,1,7.158754e-34,0.6105944,True,0.25712349936898055,0.0432108627865091
308,0.0,0,0,8.413224e-26,8.413224e-26,False,0.0,0.0
309,0.0,0,1,0.0,0.55949646,True,1.3104524311679489,0.3054801821708679
310,0.0,0,1,1.0349634e-16,0.6990768,True,0.1292541140168034,0.019847005605697632
311,0.0,0,1,0.035691004,0.99510396,True,0.0287248879561617,0.005000000353902578
312,0.0,0,1,5.2910964e-06,0.7401881,True,0.7655349823435813,0.2639454401214607
313,0.0,0,1,5.263089e-09,0.61095846,True,1.0686567154445832,0.33030831813812256
314,0.0,0,1,8.1588105e-06,0.67818433,True,0.7267654649245231,0.23434794909553602
315,0.0,0,1,0.00021155932,0.8277267,True,0.42420203881729623,0.16813665098743513
316,1.0,1,0,1.0,0.001056628,True,0.7051218764249992,0.18151550833135843
317,0.0,0,1,6.1298415e-06,0.6651166,True,0.7639870619390772,0.2424137881025672
318,0.0,0,1,0.0,0.51394373,True,1.0160100676822121,0.26023340225219727
319,1.0,1,0,1.0,0.49433884,True,0.3271930578246384,0.05309706926345825
320,0.0,0,0,2.7712057e-09,2.7712057e-09,False,0.0,0.0
321,0.0,0,1,4.339487e-05,0.530491,True,0.10110485291189888,0.020031463558552787
322,0.0,0,1,1.814765e-07,0.86324835,True,1.10279584848829,0.3512493258167524
323,0.0,0,1,1.4782957e-08,0.55231357,True,1.2225395671569546,0.3764432929456234
324,0.0,0,1,5.526013e-12,0.64905775,True,0.44795638903296736,0.09399229288101196
325,0.0,0,0,2.0317007e-31,2.0317007e-31,False,0.0,0.0
326,0.0,0,1,4.7434847e-07,0.5070384,True,0.3492492289955297,0.10823570936918259
327,0.0,0,1,5.293236e-06,0.50443363,True,0.2601490422929919,0.06489622592926025
328,0.0,0,1,0.20433554,0.50148344,True,0.2294652484624403,0.1499943321396131
329,1.0,1,0,1.0,0.28761977,True,0.8699696404487132,0.19805757701396942
330,0.0,0,1,0.00010576952,0.86328554,True,0.47880226433387607,0.18369700975017622
331,0.0,0,1,7.719858e-05,0.9784575,True,0.12096602112996577,0.02495429292321205
332,0.0,0,1,3.872871e-06,0.83488214,True,0.6256574951733829,0.1981693645939231
333,0.0,0,1,1.1872039e-06,0.9327243,True,0.7312317405140817,0.23493671417236328
334,0.0,0,1,9.199866e-22,0.62657845,True,0.27197241108633147,0.07095910608768463
335,1.0,1,0,0.99998677,0.023788651,True,0.03207852602216055,0.005000002682209015
336,1.0,1,0,1.0,0.26712197,True,0.8296439523680708,0.18928970396518707
337,0.0,0,1,0.0,0.5499766,True,0.8429600330400601,0.24491357803344727
338,0.0,0,1,5.135178e-06,0.8761459,True,0.6042490417627113,0.19512800342636183
339,0.0,0,0,0.0,0.0,False,0.0,0.0
340,1.0,1,0,1.0,0.41666675,True,0.9761084262319695,0.229231059551239
342,1.0,1,0,1.0,0.43028495,True,0.34499819410261134,0.056882500648498535
343,0.0,0,1,3.0158266e-23,0.69198644,True,1.0230671227136443,0.2408769130706787
344,0.0,0,1,1.3332713e-23,0.55481267,True,0.12887675816591845,0.036165326833724976
345,1.0,1,0,0.99999654,9.76416e-06,True,0.054763281607445854,0.009924696758389473
346,1.0,1,0,0.99989104,0.38513228,True,0.028248149825546996,0.005000002682209015
347,0.0,0,0,7.609406e-29,7.609406e-29,False,0.0,0.0
348,0.0,0,1,1.3599018e-06,0.8497804,True,0.8617689683957964,0.25917064119130373
349,1.0,1,0,1.0,0.4115269,True,0.9835040207662727,0.23061297833919525
350,0.0,0,0,0.0,0.0,False,0.0,0.0
351,0.0,0,1,5.276432e-06,0.74164796,True,0.765463380697135,0.2643059027614072
352,1.0,1,0,1.0,0.32229006,True,0.6794951184153618,0.11964768171310425
353,0.0,0,1,5.647055e-07,0.8578597,True,0.7980918494176067,0.2526722550392151
354,1.0,1,0,1.0,0.48994368,True,0.30154647981740723,0.04829847812652588
355,0.0,0,1,1.821963e-06,0.8056254,True,0.8158609415622597,0.2532637491822243
356,0.0,0,1,7.929547e-09,0.59799594,True,1.2199615375874977,0.36240673065185547
357,0.0,0,0,0.0,0.0,False,0.0,0.0
358,1.0,1,0,0.9999883,4.836502e-06,True,0.05919163040144089,0.010006674565374851
359,0.0,0,1,1.4763394e-06,0.8438975,True,0.7998241915451134,0.24132356699556112
360,0.0,0,0,0.0,0.0,False,0.0,0.0
361,0.0,0,1,1.594867e-06,0.59361595,True,0.3609359496920587,0.11117547005414963
362,0.0,0,0,0.0,0.0,False,0.0,0.0
363,0.0,0,1,4.1215008e-06,0.6083102,True,0.7952495310127516,0.2492732799728401
364,0.0,0,1,0.0048630955,0.7855609,True,0.02915479063899468,0.005000002682209015
365,0.0,0,1,4.8534915e-08,0.56235963,True,1.0681101890277511,0.3143061399459839
366,0.0,0,1,1.2507665e-08,0.5448013,True,1.0310963395239905,0.31610262393951416
367,0.0,0,1,2.1749857e-25,0.6897823,True,0.1341563544420313,0.024728938937187195
368,0.0,0,1,1.7809664e-07,0.897245,True,1.0771743204829065,0.3645387552678585
369,0.0,0,1,6.309169e-05,0.979163,True,0.12342035911731544,0.025014474987983704
370,0.0,0,1,3.026986e-06,0.7974864,True,0.6681534896990877,0.21617786056594923
371,1.0,1,0,1.0,0.35166484,True,0.8138004831485294,0.19012755155563354
372,0.0,0,0,0.0,0.0,False,0.0,0.0
373,0.0,0,1,2.0481499e-05,0.7154046,True,0.6226182981011593,0.20971956755965948
374,0.0,0,1,9.1458834e-20,0.95258474,True,0.5467585964521577,0.10973593592643738
375,0.0,0,0,0.0,0.0,False,0.0,0.0
376,0.0,0,0,0.0,0.0,False,0.0,0.0
377,0.0,0,0,2.4466002e-22,2.4466002e-22,False,0.0,0.0
378,0.0,0,0,3.249209e-11,3.249209e-11,False,0.0,0.0
379,1.0,1,0,1.0,0.2745331,True,0.8434120449014669,0.1911163032054901
380,0.0,0,1,1.1395677e-05,0.5789338,True,0.0779073455936682,0.014999449253082275
381,0.0,0,1,5.015288e-09,0.5980126,True,0.3971771523896913,0.08522701263427734
382,0.0,0,0,0.0,0.0,False,0.0,0.0
383,1.0,1,0,0.99999607,2.1626167e-06,True,0.05620930511668706,0.00997912883758545
384,0.0,0,1,3.6733412e-30,0.55381763,True,0.29386831471359676,0.09081931412220001
385,0.0,0,1,6.912637e-08,0.5607409,True,1.1128313303333375,0.3410573825240135
386,0.0,0,1,6.736766e-07,0.90922153,True,0.7395684531111423,0.23609763383865356
387,0.0,0,1,0.0,0.9418293,True,0.07922457289639395,0.014788648230023682
388,0.0,0,0,0.0,0.0,False,0.0,0.0
389,1.0,1,0,1.0,0.38806656,True,0.6285018014139545,0.11194261908531189
390,0.0,0,0,0.0,0.0,False,0.0,0.0
391,1.0,1,0,1.0,0.49998164,True,0.9259127958295699,0.21334625780582428
392,1.0,1,0,1.0,0.44480935,True,0.32364098202910946,0.05235469341278076
393,0.0,0,0,0.0,0.0,False,0.0,0.0
394,0.0,0,0,3.3715053e-29,3.3715053e-29,False,0.0,0.0
395,1.0,1,0,1.0,0.385729,True,1.029863738706973,0.18169808387756348
396,0.0,0,0,1.531507e-34,1.531507e-34,False,0.0,0.0
397,0.0,0,1,1.857259e-24,0.57925314,True,0.46124165854272375,0.12051140982657671
398,0.0,0,0,3.2512245e-22,3.2512245e-22,False,0.0,0.0
399,0.0,0,1,4.7867896e-09,0.5465733,True,1.2969821340810184,0.42287589609622955
400,0.0,0,0,4.3102477e-10,4.3102477e-10,False,0.0,0.0
401,0.0,0,1,5.3909388e-14,0.835868,True,0.38914108030350425,0.15245892107486725
402,1.0,1,0,0.9956376,7.520746e-16,True,0.03413773047116372,0.004999999888241291
403,0.0,0,1,8.177103e-05,0.8711005,True,0.3711019274221386,0.12334807123988867
404,0.0,0,0,1.9790186e-13,1.9790186e-13,False,0.0,0.0
405,0.0,0,1,9.649804e-07,0.9324313,True,0.8350953936022076,0.2582681691274047
406,0.0,0,0,2.731387e-09,2.731387e-09,False,0.0,0.0
407,1.0,1,0,0.9954201,2.8271346e-17,True,0.034137606423014964,0.0050000005576293916
408,0.0,0,1,8.723427e-07,0.89985293,True,0.8923407390540965,0.29913292452692986
409,1.0,1,0,0.997735,8.653874e-18,True,0.033397326467808124,0.005000000353902578
410,0.0,0,1,1.6408111e-06,0.7997704,True,0.7808357905083583,0.2593557720829267
411,0.0,0,1,4.5155684e-05,0.8377454,True,0.3638921943969524,0.09991532564163208
412,0.0,0,0,0.0,0.0,False,0.0,0.0
413,0.0,0,0,0.0,0.0,False,0.0,0.0
414,0.0,0,1,1.5191953e-05,0.7203148,True,0.6074070991796007,0.196796337433625
415,0.0,0,1,1.5721916e-08,0.9191468,True,1.1206504572347922,0.36145877838134766
416,0.0,0,1,4.3457914e-11,0.5749946,True,1.2602098237440496,0.40807878971099854
417,0.0,0,1,5.4135773e-05,0.999092,True,0.029030973056523312,0.004999999306164682
418,0.0,0,0,4.9481077e-05,4.9481077e-05,False,0.0,0.0
419,1.0,1,0,1.0,0.2704618,True,0.9693682167986957,0.15740390121936798
420,0.0,0,1,9.717837e-09,0.5351949,True,1.0869954765801852,0.33460330963134766
421,0.0,0,0,2.8828205e-15,2.8828205e-15,False,0.0,0.0
422,0.0,0,0,0.0,0.0,False,0.0,0.0
423,1.0,1,0,0.9998945,0.053351622,True,0.03322688068345201,0.005000002682209015
424,0.0,0,1,0.24878062,0.50016576,True,0.19987527377978095,0.16651781255495735
425,0.0,0,1,1.6010488e-27,0.5599925,True,0.9731238067129099,0.30309523653704673
426,0.0,0,0,0.0,0.0,False,0.0,0.0
427,0.0,0,1,0.0,0.50827396,True,1.1053583685476414,0.2291661500930786
428,0.0,0,0,0.0,0.0,False,0.0,0.0
429,0.0,0,1,7.1203547e-26,0.5568358,True,0.7370770402096101,0.23853497207164764
430,0.0,0,1,0.00014066536,0.5288527,True,0.13908731433131888,0.030056980438530445
431,0.0,0,1,6.893243e-08,0.9287433,True,1.014012329281934,0.32820212841033936
432,0.0,0,0,8.566933e-10,8.566933e-10,False,0.0,0.0
433,0.0,0,1,6.778935e-06,0.7972258,True,0.6541820909489713,0.22732160455780104
434,1.0,1,0,0.9974969,6.5132516e-18,True,0.03339732869876747,0.005000000353902578
435,0.0,0,1,4.1541875e-07,0.8547697,True,0.9451929265538112,0.3211226724088192
436,0.0,0,1,3.1394247e-06,0.8694331,True,0.691911277671007,0.21728279656963423
437,0.0,0,1,6.785348e-09,0.5825991,True,1.20980635675352,0.3763890266418457
438,0.0,0,1,4.9905684e-11,0.5034308,True,0.4937627385109989,0.289434922975488
439,0.0,0,1,1.2499997e-25,0.529576,True,0.41094323166805696,0.08794805407524109
440,0.0,0,1,3.321481e-19,0.56788826,True,0.7217030067884382,0.16578026115894318
441,0.0,0,0,2.207009e-21,2.207009e-21,False,0.0,0.0
442,0.0,0,1,1.6145606e-08,0.52881336,True,1.2247729945945907,0.3804745003581047
443,0.0,0,0,6.102598e-10,6.102598e-10,False,0.0,0.0
444,0.0,0,0,0.0,0.0,False,0.0,0.0
445,0.0,0,0,2.178716e-12,2.178716e-12,False,0.0,0.0
446,0.0,0,1,0.0,0.8770281,True,0.3370359570425085,0.07183598726987839
447,1.0,1,0,1.0,0.43523097,True,0.8265239135272586,0.19930320978164673
448,0.0,0,1,0.0,0.6751385,True,0.514718892535988,0.11873218417167664
449,0.0,0,1,0.015482846,0.9896208,True,0.03000010959838069,0.005000002682209015
450,0.0,0,1,8.412414e-09,0.56609666,True,1.2863822943309902,0.4072261229157448
451,1.0,1,0,1.0,0.17142613,True,0.6242727264353816,0.09803974628448486
452,0.0,0,1,2.8483042e-05,0.7547699,True,0.5945851316419225,0.1971163222915493
453,0.0,0,0,0.0,0.0,False,0.0,0.0
454,0.0,0,0,8.19967e-07,8.19967e-07,False,0.0,0.0
455,0.0,0,1,6.660374e-22,0.61197615,True,0.6506580696510319,0.1932782530784607
456,0.0,0,1,1.0544282e-13,0.75000703,True,0.12066457663592836,0.019349676091223955
457,0.0,0,1,1.070548e-07,0.8986702,True,0.9495456507523612,0.30982017517089844
458,0.0,0,0,0.0,0.0,False,0.0,0.0
459,0.0,0,1,0.0,0.568542,True,1.257593346193722,0.4316278547048569
460,0.0,0,1,1.6401916e-06,0.83749,True,0.6802754426937911,0.218651766248513
461,0.0,0,1,8.761807e-08,0.5836917,True,0.46831251229611726,0.11720356345176697
462,0.0,0,1,4.5127567e-07,0.850348,True,0.9993049795608745,0.32234223539126106
463,0.0,0,1,2.739192e-09,0.63154185,True,0.43580285666748736,0.09448999166488647
464,0.0,0,0,0.0,0.0,False,0.0,0.0
465,0.0,0,1,5.9233586e-12,0.990888,True,0.14807830714069925,0.02994508494157344
466,1.0,1,0,1.0,0.44928947,True,0.7301085770085609,0.18115352094173431
467,0.0,0,0,2.7966347e-09,2.7966347e-09,False,0.0,0.0
468,0.0,0,0,0.0,0.0,False,0.0,0.0
469,1.0,1,0,1.0,0.3512023,True,0.29904507524076007,0.04853618144989014
470,0.0,0,1,4.289231e-05,0.8763773,True,0.3895876989735134,0.12438909616321325
471,0.0,0,0,0.0,0.0,False,0.0,0.0
472,0.0,0,1,2.6516263e-09,0.51754135,True,1.111036109678116,0.345406174659729
473,0.0,0,0,3.7576257e-12,3.7576257e-12,False,0.0,0.0
474,0.0,0,0,2.3206083e-11,2.3206083e-11,False,0.0,0.0
475,1.0,1,0,1.0,0.49758935,True,0.29520000128078433,0.048178091645240784
476,0.0,0,0,0.0,0.0,False,0.0,0.0
477,0.0,0,0,1.11531395e-20,1.11531395e-20,False,0.0,0.0
478,0.0,0,0,1.1387396e-07,1.1387396e-07,False,0.0,0.0
479,1.0,1,0,1.0,0.39166048,True,0.3880583937980435,0.06290784478187561
480,0.0,0,0,0.0,0.0,False,0.0,0.0
481,0.0,0,1,7.6410385e-07,0.82448703,True,0.9420385970080035,0.31634025275707245
482,0.0,0,1,8.9456136e-35,0.59723663,True,0.20647644969453702,0.04036998748779297
483,0.0,0,1,7.9033266e-11,0.535026,True,0.5307260781651896,0.2709926849056501
484,0.0,0,0,0.0,0.0,False,0.0,0.0
485,0.0,0,1,8.005149e-09,0.53080696,True,1.3223751413183196,0.4444687031209469
486,0.0,0,1,2.915022e-05,0.63852787,True,0.5703862771751744,0.19077424611896276
487,0.0,0,1,7.18168e-07,0.926797,True,0.7670733970488088,0.24815309047698975
488,0.0,0,1,6.2132504e-09,0.58034724,True,1.1297674195946847,0.3540123701095581
489,0.0,0,0,0.0,0.0,False,0.0,0.0
490,0.0,0,1,6.6671055e-07,0.8188258,True,0.760788628697386,0.24100936949253082
491,0.0,0,0,0.0,0.0,False,0.0,0.0
492,0.0,0,0,0.0,0.0,False,0.0,0.0
493,0.0,0,1,8.8847554e-07,0.8441404,True,0.9294669257703212,0.3159676492214203
494,0.0,0,1,1.2461777e-08,0.5507087,True,1.218854130293219,0.37213868647813797
495,1.0,1,0,1.0,0.17975,True,0.7072597020810121,0.12227940559387207
496,0.0,0,1,1.5678076e-08,0.52590257,True,0.9421018813026404,0.2755722999572754
497,0.0,0,1,0.00012325063,0.9992719,True,0.029030974141425837,0.004999999713618308
498,0.0,0,1,7.9263583e-07,0.8140634,True,0.36151923666509156,0.07578641176223755
499,0.0,0,1,1.2913212e-07,0.910631,True,0.849154831272209,0.2795819044113159
500,1.0,1,0,1.0,0.43336964,True,0.5125282023591703,0.08205817639827728
501,0.0,0,0,6.809744e-29,6.809744e-29,False,0.0,0.0
502,0.0,0,0,0.0,0.0,False,0.0,0.0
503,0.0,0,0,0.0,0.0,False,0.0,0.0
504,0.0,0,0,5.883417e-28,5.883417e-28,False,0.0,0.0
505,0.0,0,0,0.0,0.0,False,0.0,0.0
506,0.0,0,1,9.9354795e-05,0.99861336,True,0.02903098033162576,0.005000002682209015
507,1.0,1,0,1.0,0.47261935,True,0.7605074557849213,0.121273934841156
508,0.0,0,0,0.0,0.0,False,0.0,0.0
509,0.0,0,1,1.9609486e-05,0.7839027,True,0.559307835528072,0.18607657618122175
510,1.0,1,0,1.0,0.49192667,True,1.5803118247554568,0.3670310378074646
511,0.0,0,1,1.2091447e-06,0.77762574,True,0.8904543224311531,0.2690662853419781
512,0.0,0,0,2.0913452e-24,2.0913452e-24,False,0.0,0.0
513,0.0,0,0,4.0774935e-09,4.0774935e-09,False,0.0,0.0
514,0.0,0,0,0.0,0.0,False,0.0,0.0
515,0.0,0,0,0.0,0.0,False,0.0,0.0
516,1.0,1,0,0.9999999,1.4800562e-05,True,0.06216853342004421,0.010006778175011277
517,1.0,1,0,1.0,0.40518552,True,0.9011086171959789,0.2242310643196106
518,0.0,0,1,2.5403946e-08,0.5168247,True,1.1598682950476056,0.34723515436053276
519,1.0,1,0,0.99993837,4.0145906e-07,True,0.05461046369616436,0.009999396279454231
520,0.0,0,1,5.0977295e-08,0.56780726,True,1.1220890691450227,0.33542465791106224
521,0.0,0,1,2.8912677e-07,0.8838723,True,1.0598913601685775,0.3408318591536954
522,0.0,0,1,5.417379e-07,0.85787845,True,0.8805317256860685,0.296672023832798
523,0.0,0,0,1.3205492e-11,1.3205492e-11,False,0.0,0.0
524,0.0,0,1,0.00028368935,0.99908185,True,0.02945836059325644,0.005000002682209015
525,0.0,0,1,2.7352046e-08,0.5598714,True,1.241873279599825,0.40983640775084496
526,0.0,0,1,1.2323942e-09,0.5574691,True,1.1913506224115122,0.38357800245285034
527,0.0,0,0,0.0,0.0,False,0.0,0.0
528,0.0,0,0,1.5870387e-12,1.5870387e-12,False,0.0,0.0
530,0.0,0,1,0.37512833,0.99992406,True,0.029168586458643554,0.005000000091968104
531,1.0,1,0,0.9965384,2.984011e-17,True,0.033397441382433564,0.0050000005576293916
532,1.0,1,0,0.9627665,0.020012647,True,0.050444719303530366,0.010004758834838867
533,0.0,0,0,2.978663e-11,2.978663e-11,False,0.0,0.0
534,0.0,0,0,0.0,0.0,False,0.0,0.0
535,1.0,1,0,1.0,0.22261499,True,0.05818958160714348,0.010006466880440712
536,0.0,0,0,0.0,0.0,False,0.0,0.0
537,0.0,0,0,1.1887698e-10,1.1887698e-10,False,0.0,0.0
538,0.0,0,0,1.8714173e-33,1.8714173e-33,False,0.0,0.0
539,1.0,1,0,0.9887673,0.034357052,True,0.02773210256583296,0.004999999888241291
540,0.0,0,0,0.0,0.0,False,0.0,0.0
541,0.0,0,1,2.816191e-37,0.8518473,True,1.2639291598815219,0.24582955241203308
542,0.0,0,0,2.814031e-12,2.814031e-12,False,0.0,0.0
543,0.0,0,1,1.1107011e-31,0.5739557,True,0.6237254826560649,0.14738662540912628
544,0.0,0,0,1.1070446e-19,1.1070446e-19,False,0.0,0.0
545,0.0,0,1,3.4805834e-07,0.94298375,True,0.8536851926778852,0.2848491668701172
546,1.0,1,0,0.9999999,0.46130803,True,0.2750730539740382,0.04569530487060547
547,0.0,0,1,4.1250893e-05,0.5106633,True,0.10924713713075515,0.02004208043217659
548,0.0,0,0,1.3237659e-09,1.3237659e-09,False,0.0,0.0
549,0.0,0,0,0.0,0.0,False,0.0,0.0
550,0.0,0,1,4.4363492e-07,0.8638652,True,0.9729294812844853,0.3337661921977997
551,1.0,1,0,1.0,0.46167758,True,0.9442628434288184,0.18531523644924164
552,0.0,0,1,1.534479e-10,0.99993944,True,0.0640399201909039,0.01000678539276123
553,0.0,0,0,0.0,0.0,False,0.0,0.0
554,0.0,0,0,3.654401e-31,3.654401e-31,False,0.0,0.0
555,0.0,0,0,0.0,0.0,False,0.0,0.0
556,0.0,0,1,1.6717323e-08,0.55125654,True,1.170242527811397,0.3596329689025879
557,1.0,1,0,0.99990404,1.3170565e-07,True,0.05499328231672657,0.009993880987167358
558,0.0,0,1,3.5506734e-08,0.5998467,True,1.0427584945820543,0.30802416801452637
559,0.0,0,0,0.0,0.0,False,0.0,0.0
560,1.0,1,0,1.0,0.00072183926,True,0.05752419010478671,0.010006532073020935
561,0.0,0,1,1.2156117e-08,0.59386516,True,1.0831099214205415,0.3392270803451538
562,0.0,0,0,2.4536964e-09,2.4536964e-09,False,0.0,0.0
563,1.0,1,0,1.0,0.13151562,True,0.05772970574558898,0.010006725788116455
564,0.0,0,0,0.0,0.0,False,0.0,0.0
565,0.0,0,1,2.2987985e-10,0.8832775,True,1.1074002385336186,0.30857670307159424
566,0.0,0,1,2.383681e-06,0.7974835,True,0.7045712772678983,0.23627052671508864
567,0.0,0,1,0.0,0.67177033,True,0.5452067640165746,0.12134940922260284
568,0.0,0,0,0.0,0.0,False,0.0,0.0
569,0.0,0,1,1.4561348e-08,0.9330653,True,1.0687415097627617,0.3368208333849907
570,0.0,0,1,1.0834045e-08,0.56217515,True,1.2281753154074688,0.3726724088191986
571,0.0,0,0,0.0,0.0,False,0.0,0.0
572,0.0,0,1,0.0,0.64101225,True,0.6983519568103481,0.1372475028038025
573,0.0,0,1,1.5718479e-29,0.7042564,True,1.0105211064705384,0.2044847309589386
574,0.0,0,0,6.074317e-30,6.074317e-30,False,0.0,0.0
575,1.0,1,0,1.0,0.40152264,True,0.7960514607465767,0.12655338644981384
576,1.0,1,0,0.9999927,7.9864e-07,True,0.059759848638089925,0.01000626408495009
577,0.0,0,1,1.8414948e-07,0.8931582,True,0.8476002906287989,0.2792498469352722
578,0.0,0,1,0.05467427,0.62165046,True,0.09954580541750283,0.020015552639961243
579,1.0,1,0,0.64654773,0.014702583,True,0.02843374298866813,0.004999998956918716
580,0.0,0,1,3.716287e-07,0.88614255,True,0.7725813111026157,0.24964308738708496
581,0.0,0,0,0.0,0.0,False,0.0,0.0
582,1.0,1,0,0.9999927,6.6366755e-07,True,0.05967123741343984,0.010005543357692659
583,0.0,0,0,1.0729605e-33,1.0729605e-33,False,0.0,0.0
584,0.0,0,1,1.4893658e-05,0.84880775,True,0.11472880568769077,0.019906044006347656
585,1.0,1,0,0.97111017,0.07296288,True,0.028722936435086385,0.005000002682209015
586,0.0,0,1,4.5021952e-07,0.8321424,True,0.8013921812953128,0.25763988494873047
587,0.0,0,0,0.0,0.0,False,0.0,0.0
588,0.0,0,1,5.234135e-07,0.8559049,True,0.9209819301661305,0.3129437826573849
589,0.0,0,1,1.8091482e-25,0.75138766,True,0.2461295787073661,0.06926180422306061
590,0.0,0,1,7.243194e-08,0.90566254,True,0.9368285187202051,0.2957984209060669
591,0.0,0,1,1.9630767e-11,0.9640875,True,0.06325603983815689,0.009974896907806396
592,0.0,0,1,0.0,0.75409317,True,0.8041893680089217,0.18018891126848757
593,0.0,0,1,0.00031098208,0.86254066,True,0.3905421681919929,0.15218351688235998
594,1.0,1,0,1.0,0.4842114,True,1.0691192177962918,0.19890642166137695
595,0.0,0,1,1.995086e-07,0.6752258,True,0.4935383649652638,0.12418310344219208
596,0.0,0,0,0.0,0.0,False,0.0,0.0
597,1.0,1,0,0.9999982,2.6737951e-05,True,0.057611681088260286,0.009995579719543457
598,0.0,0,1,9.305109e-31,0.7608455,True,1.0564251973477006,0.22595292329788208
599,0.0,0,1,3.045955e-13,0.7118664,True,0.37684073203481583,0.14280076324939728
600,0.0,0,1,4.4253207e-05,0.9989943,True,0.029030975121133375,0.004999999888241291
601,0.0,0,1,4.9828618e-08,0.9265301,True,1.0531662197896996,0.33778607845306396
602,0.0,0,0,0.0,0.0,False,0.0,0.0
603,0.0,0,0,8.03731e-31,8.03731e-31,False,0.0,0.0
604,0.0,0,0,1.47814765e-36,1.47814765e-36,False,0.0,0.0
605,0.0,0,0,0.0,0.0,False,0.0,0.0
606,0.0,0,1,0.00021439124,0.76312727,True,0.545002595406006,0.23200038133654743
607,0.0,0,1,1.4747613e-08,0.6053819,True,0.980926592555127,0.29459846019744873
608,0.0,0,1,2.8014235e-09,0.7408291,True,0.080792452134008,0.014947675168514252
609,0.0,0,1,0.0,0.5091868,True,0.6773701752175347,0.19869011640548706
610,0.0,0,1,0.0,0.84041464,True,0.49568392106956954,0.10858118534088135
611,1.0,1,0,1.0,0.19950731,True,0.09918250099327106,0.015012800693511963
612,0.0,0,0,1.581892e-12,1.581892e-12,False,0.0,0.0
613,0.0,0,1,1.8860422e-07,0.88285804,True,0.9288101303786496,0.30254995822906494
614,0.0,0,1,8.982185e-07,0.7960749,True,0.6906888131047884,0.23230744537431747
615,0.0,0,1,7.85961e-05,0.82352203,True,0.5121598236047912,0.17899806704372168
616,0.0,0,1,6.407965e-08,0.5137917,True,1.1407050826267418,0.34893692657351494
617,0.0,0,1,4.155877e-09,0.54873043,True,1.1502611314209796,0.35827362537384033
618,0.0,0,1,5.045413e-07,0.85447097,True,0.7762630000774857,0.24473565816879272
619,0.0,0,1,0.12851775,0.9038595,True,0.02999995766910359,0.004999999888241291
620,1.0,1,0,0.9999999,0.46683732,True,0.7486195762706814,0.16974800825119019
621,1.0,1,0,0.99570566,5.512587e-17,True,0.03376397877141146,0.004999999888241291
622,0.0,0,1,0.0,0.53558373,True,1.3398019685142393,0.35575687885284424
623,0.0,0,0,4.340276e-14,4.340276e-14,False,0.0,0.0
624,0.0,0,1,2.8085406e-08,0.5602756,True,1.241526179657949,0.4097953885793686
625,0.0,0,1,9.9356694e-05,0.99923813,True,0.02903097359231148,0.004999999713618308
626,0.0,0,0,2.0800153e-13,2.0800153e-13,False,0.0,0.0
627,0.0,0,1,2.5859808e-05,0.9988803,True,0.029030973895056846,0.004999999888241291
628,0.0,0,1,0.10819754,0.99978334,True,0.029638858362714363,0.004999999888241291
629,0.0,0,1,2.4754652e-07,0.9082407,True,0.7886714640595891,0.25822967290878296
630,0.0,0,0,2.4752414e-11,2.4752414e-11,False,0.0,0.0
631,0.0,0,1,7.437659e-10,0.65130186,True,0.25902238288609836,0.05028615891933441
632,0.0,0,1,9.4480185e-07,0.8458678,True,0.9292385390685287,0.3161798566579819
633,0.0,0,1,2.5773206e-08,0.53006554,True,1.272985701053532,0.37882721424102783
634,0.0,0,1,1.1933336e-06,0.7250788,True,0.863921241485119,0.2705373838543892
635,0.0,0,0,0.0,0.0,False,0.0,0.0
636,0.0,0,0,7.081754e-11,7.081754e-11,False,0.0,0.0
637,0.0,0,0,0.0,0.0,False,0.0,0.0
638,0.0,0,0,1.1652692e-34,1.1652692e-34,False,0.0,0.0
639,0.0,0,0,6.6424706e-34,6.6424706e-34,False,0.0,0.0
641,0.0,0,1,3.520317e-05,0.6391461,True,0.551146697800265,0.1880232384428382
642,0.0,0,1,9.0373915e-06,0.7827112,True,0.627435594516525,0.19904261297779158
643,0.0,0,1,7.794436e-10,0.50322306,True,0.06459492202675675,0.009999781847000122
644,0.0,0,1,8.118264e-11,0.50655854,True,0.7675534469704555,0.30532047210726887
645,1.0,1,0,0.99947244,0.0048579867,True,0.08370861071114342,0.015013933181762695
646,1.0,1,0,0.9979442,9.041823e-18,True,0.03339732591015916,0.005000000353902578
647,0.0,0,1,5.2374556e-08,0.5177558,True,0.9243608956659817,0.2781633138656616
648,0.0,0,1,3.1951603e-07,0.8245711,True,0.7760931738508823,0.2433436758001335
649,0.0,0,0,2.1399722e-13,2.1399722e-13,False,0.0,0.0
650,1.0,1,0,1.0,0.36780047,True,0.9373024697365017,0.2232392281293869
651,0.0,0,1,1.3715878e-12,0.523273,True,0.8759911734092858,0.21716663241386414
652,0.0,0,0,7.391449e-16,7.391449e-16,False,0.0,0.0
653,1.0,1,0,1.0,0.15966824,True,0.7237028981729281,0.11475560069084167
654,1.0,1,0,1.0,0.49614432,True,1.1089633906228156,0.2618890404701233
655,0.0,0,1,3.3407525e-06,0.8580528,True,0.6531449367505707,0.20553927030414343
656,0.0,0,0,3.8961315e-10,3.8961315e-10,False,0.0,0.0
657,0.0,0,0,1.3037101e-09,1.3037101e-09,False,0.0,0.0
658,0.0,0,0,0.0,0.0,False,0.0,0.0
659,0.0,0,1,0.0,0.5580678,True,0.7793787779225961,0.16089744865894318
660,0.0,0,1,4.3905502e-14,0.5078357,True,0.9396605726445364,0.24994029477238655
661,1.0,1,0,1.0,0.1746739,True,0.6500560012682177,0.11488285660743713
662,0.0,0,1,7.0902807e-15,0.580689,True,0.6679963708411427,0.14337366819381714
663,0.0,0,1,8.6772695e-07,0.84316856,True,0.8520681653438704,0.2848564349114895
664,0.0,0,0,1.6068327e-32,1.6068327e-32,False,0.0,0.0
665,0.0,0,1,0.024000674,0.50035214,True,0.33336627968771615,0.17233476394903846
666,0.0,0,1,3.0975134e-08,0.52370125,True,1.1187556988695329,0.3344825506210327
667,1.0,1,0,1.0,0.38267717,True,0.8203174964734958,0.17737829685211182
668,0.0,0,1,0.0,0.50706315,True,1.194224325002944,0.25774579495191574
669,1.0,1,0,0.9788988,0.018620206,True,0.027895269309602386,0.004999999888241291
670,0.0,0,0,1.0069096e-22,1.0069096e-22,False,0.0,0.0
671,0.0,0,1,0.0,0.7049921,True,0.45192618552200653,0.09490746259689331
672,1.0,1,0,0.9999907,2.830804e-07,True,0.0570348863543036,0.010006777942180634
673,0.0,0,1,1.1061665e-08,0.54852843,True,1.2118949595216493,0.3667139671742916
674,0.0,0,1,2.023346e-06,0.8072885,True,0.8274401314798633,0.2764972746372223
675,0.0,0,1,5.351314e-10,0.86143357,True,1.0523266704519902,0.3003058433532715
676,0.0,0,1,5.0404925e-08,0.9292311,True,1.0072571302612523,0.32833540439605713
677,0.0,0,1,1.8797182e-09,0.56358415,True,1.1548341202193058,0.3698142170906067
678,0.0,0,1,5.5467067e-06,0.8444198,True,0.6889745974667189,0.23677562084048986
679,0.0,0,1,3.2766284e-08,0.53612435,True,1.1829682553812595,0.35797976702451706
680,0.0,0,0,0.0,0.0,False,0.0,0.0
681,0.0,0,1,0.0,0.51363117,True,0.5300046992201394,0.14306454360485077
682,0.0,0,0,1.2075248e-10,1.2075248e-10,False,0.0,0.0
683,0.0,0,1,4.8614853e-05,0.8626317,True,0.5194026764801932,0.18958496517734602
684,0.0,0,0,1.6773283e-34,1.6773283e-34,False,0.0,0.0
685,1.0,1,0,0.9999988,8.378772e-05,True,0.058426223481709436,0.010006625205278397
686,0.0,0,1,4.483236e-07,0.89289373,True,0.8616418730996954,0.28001952171325684
687,0.0,0,0,0.0,0.0,False,0.0,0.0
688,0.0,0,1,2.7446127e-22,0.5609356,True,1.1103595205319694,0.23003923892974854
689,0.0,0,0,9.553788e-25,9.553788e-25,False,0.0,0.0
690,1.0,1,0,0.9998253,0.0020560238,True,0.029951427273641498,0.005000002682209015
691,0.0,0,0,3.1206346e-27,3.1206346e-27,False,0.0,0.0
692,0.0,0,1,1.4744332e-18,0.5008559,True,0.6540628435784688,0.11916221678256989
693,0.0,0,1,2.7606507e-08,0.9700927,True,0.9798506527605825,0.32828813791275024
694,0.0,0,0,0.0015546186,0.0015546186,False,0.0,0.0
695,0.0,0,1,1.4722769e-08,0.55092686,True,1.2224875378420874,0.37686101347208023
696,0.0,0,1,8.699883e-14,0.6003562,True,0.466928745897719,0.11804068833589554
697,0.0,0,1,5.6992053e-06,0.74132496,True,0.764857363664546,0.2639317048015073
698,0.0,0,1,0.03211626,0.80398667,True,0.059336117887007524,0.009995445609092712
699,1.0,1,0,1.0,6.8349885e-07,True,0.07721802816665609,0.015006035566329956
700,1.0,1,0,0.9999993,0.45244262,True,0.03246585797982774,0.005000002682209015
701,0.0,0,0,4.1844112e-30,4.1844112e-30,False,0.0,0.0
702,1.0,1,0,1.0,0.47825512,True,1.2237066781608454,0.2885548770427704
703,0.0,0,0,0.0,0.0,False,0.0,0.0
704,0.0,0,1,8.551299e-07,0.8405633,True,0.8373166906915572,0.2783511057496071
705,0.0,0,1,0.30520946,0.9999249,True,0.02876077706039149,0.004999999888241291
706,0.0,0,1,2.9727351e-05,0.86691475,True,0.5859482852409229,0.2147525092586875
707,0.0,0,1,1.3656931e-35,0.73508465,True,0.21094205173371372,0.04479323420673609
708,0.0,0,1,2.1552174e-05,0.8144222,True,0.5899361310646128,0.21444907691329718
709,0.0,0,1,1.692542e-08,0.54121274,True,1.1789243860161458,0.35800254344940186
710,1.0,1,0,0.9974483,5.8016752e-18,True,0.033397329256416385,0.005000000353902578
711,0.0,0,0,0.0,0.0,False,0.0,0.0
712,0.0,0,1,3.7635107e-14,0.99575067,True,0.11288901560160632,0.02004779875278473
713,0.0,0,1,1.1838486e-05,0.5823013,True,0.07788149691931001,0.014999449253082275
714,1.0,1,0,0.62333894,0.052496064,True,0.02929983317110922,0.005000002682209015
715,0.0,0,0,4.4868127e-11,4.4868127e-11,False,0.0,0.0
716,1.0,1,0,1.0,0.39379096,True,0.5888565438031657,0.09933429956436157
717,0.0,0,1,5.2456317e-06,0.74160224,True,0.7655476055242277,0.2643059027614072
718,0.0,0,1,0.16363662,0.9998969,True,0.02913199861813226,0.004999999888241291
719,0.0,0,1,3.4646646e-09,0.5498005,True,1.129957975851777,0.3563593626022339
720,0.0,0,0,0.17604908,0.17604908,False,0.0,0.0
721,0.0,0,1,8.122707e-19,0.6236521,True,0.07305079270035668,0.015016227960586548
722,1.0,1,0,1.0,0.48819637,True,1.4558767777328452,0.33524027466773987
723,1.0,1,0,0.9999968,7.3153515e-06,True,0.05620930762829297,0.00997912883758545
724,0.0,0,0,0.0,0.0,False,0.0,0.0
725,0.0,0,1,1.6628112e-06,0.8707851,True,0.7722803377782769,0.2427516169846058
726,0.0,0,1,3.6874228e-06,0.821348,True,0.7034338482788913,0.21815959579544142
727,0.0,0,1,0.28587934,0.9999254,True,0.02878069892579335,0.004999999888241291
728,0.0,0,1,3.5630075e-07,0.86567724,True,0.9080459755464227,0.30062583088874817
729,0.0,0,0,6.427323e-10,6.427323e-10,False,0.0,0.0
730,1.0,1,0,1.0,0.4923982,True,0.30246706058934253,0.05633339285850525
731,0.0,0,0,0.0,0.0,False,0.0,0.0
732,0.0,0,0,0.0,0.0,False,0.0,0.0
733,0.0,0,1,1.8081598e-08,0.5552596,True,1.215650686968555,0.37560565024614334
734,1.0,1,0,1.0,0.3123922,True,0.9794543193694536,0.1899704933166504
735,0.0,0,1,1.797058e-08,0.59759694,True,0.9599519456660848,0.2859683036804199
736,0.0,0,1,1.9788571e-05,0.7357877,True,0.5619569389241582,0.18911568727344275
737,1.0,1,0,0.9999503,1.4089974e-07,True,0.05592986051389937,0.010006725788116455
738,0.0,0,1,0.00021964846,0.5002211,True,0.3685206237299659,0.1192154472519178
739,0.0,0,0,0.0,0.0,False,0.0,0.0
740,0.0,0,1,8.558647e-30,0.62763107,True,1.0309556544785292,0.21327520906925201
741,0.0,0,0,8.431212e-08,8.431212e-08,False,0.0,0.0
742,0.0,0,0,2.6977434e-24,2.6977434e-24,False,0.0,0.0
743,1.0,1,0,1.0,0.47798172,True,0.8114158681631193,0.19632446765899658
744,1.0,1,0,0.99999964,0.33002275,True,0.25264650582090403,0.038521647453308105
745,0.0,0,0,2.062049e-10,2.062049e-10,False,0.0,0.0
746,0.0,0,0,8.011049e-38,8.011049e-38,False,0.0,0.0
747,1.0,1,0,1.0,0.43451974,True,0.6243063847002579,0.11164411902427673
748,0.0,0,1,2.1550715e-08,0.553811,True,1.163630515068411,0.3491460084915161
749,1.0,1,0,0.999997,1.5660265e-05,True,0.05627607783683548,0.00998067855834961
750,0.0,0,0,0.0,0.0,False,0.0,0.0
751,0.0,0,0,0.0,0.0,False,0.0,0.0
752,0.0,0,0,0.0,0.0,False,0.0,0.0
753,0.0,0,0,2.675135e-10,2.675135e-10,False,0.0,0.0
754,1.0,1,0,1.0,0.33836526,True,0.5140329223459993,0.10365825891494751
755,1.0,1,0,1.0,0.4626097,True,0.9323615914639045,0.21998171508312225
756,0.0,0,0,0.0,0.0,False,0.0,0.0
757,0.0,0,1,6.113985e-06,0.8162157,True,0.5699704260347238,0.2026287605985999
758,1.0,1,0,1.0,0.4878079,True,0.3510333759926208,0.059268251061439514
759,1.0,1,0,1.0,0.035333488,True,0.09806136414192251,0.015021950006484985
760,0.0,0,1,6.0842055e-08,0.9255873,True,1.027531175651005,0.3339385986328125
761,1.0,1,0,1.0,0.49554023,True,0.9031652321034563,0.2276993840932846
762,0.0,0,0,6.681055e-39,6.681055e-39,False,0.0,0.0
763,0.0,0,1,3.2937972e-08,0.57939804,True,0.9241390725263932,0.2661476135253906
764,0.0,0,1,3.0164994e-08,0.5728703,True,1.083803071255048,0.322282325476408
765,0.0,0,1,5.1077777e-06,0.7701632,True,0.03326576466817901,0.005000002682209015
766,0.0,0,1,1.702842e-16,0.528882,True,0.8301382650883744,0.30650357372360304
767,0.0,0,0,0.0,0.0,False,0.0,0.0
768,0.0,0,1,0.12619601,0.5595871,True,0.057095590574178234,0.009969204664230347
769,0.0,0,1,0.0,0.5083219,True,0.9684449100239726,0.1871432214975357
770,0.0,0,0,0.0,0.0,False,0.0,0.0
771,0.0,0,1,2.8106985e-13,0.99993944,True,0.10662892075970905,0.019810430821962655
772,0.0,0,1,9.673152e-18,0.71352935,True,0.5306751420852817,0.09240752458572388
773,1.0,1,0,0.9878677,0.031163014,True,0.02769287977847385,0.005000002682209015
774,1.0,1,0,0.99999094,4.6658707e-07,True,0.05987021361931104,0.010006546974182129
775,0.0,0,1,0.0,0.5160964,True,0.5945073200572646,0.1782827377319336
776,0.0,0,1,9.457034e-35,0.5066125,True,0.20436748832396426,0.04034404223784804
777,0.0,0,0,0.0,0.0,False,0.0,0.0
778,0.0,0,1,0.0,0.5241535,True,0.7921241161083418,0.15488576889038086
779,0.0,0,1,4.0240766e-12,0.83195937,True,0.1550659735468307,0.030185997486114502
780,0.0,0,1,2.3523207e-33,0.6518714,True,0.3146222891987783,0.06651529669761658
781,0.0,0,1,3.1911438e-07,0.85441977,True,0.8802974260235003,0.2754002809524536
782,0.0,0,1,0.0,0.5284269,True,1.505631700007944,0.45099830627441406
783,0.0,0,1,1.0396964e-06,0.813939,True,0.8194821832905691,0.25808534026145935
784,1.0,1,0,0.9999999,0.49974465,True,0.7904972231791751,0.18822766840457916
785,0.0,0,1,1.7822558e-06,0.7986092,True,0.8155395196660131,0.25292960554361343
786,0.0,0,1,2.4423652e-08,0.52532333,True,1.0003783391213645,0.3056691884994507
787,0.0,0,0,8.485338e-38,8.485338e-38,False,0.0,0.0
788,0.0,0,1,5.457863e-27,0.8865913,True,0.09069526318582936,0.01497921347618103
789,0.0,0,0,7.199018e-32,7.199018e-32,False,0.0,0.0
790,0.0,0,1,2.5946689e-05,0.6784813,True,0.5913117407371117,0.19614855415420607
791,0.0,0,1,9.361727e-07,0.8454763,True,0.9293676319968412,0.31594856828451157
792,0.0,0,1,4.0864418e-07,0.8655768,True,1.0113707214380807,0.3231818675994873
793,0.0,0,1,2.4298663e-08,0.58481365,True,1.1550381346147192,0.3492804765701294
794,0.0,0,0,0.0,0.0,False,0.0,0.0
795,0.0,0,1,1.2760043e-07,0.53275347,True,1.0384753829992268,0.30464508570730686
796,0.0,0,1,1.7905696e-06,0.5548426,True,0.16763550103372143,0.03497382998466492
797,0.0,0,1,2.897741e-05,0.7647507,True,0.5981771034825593,0.19924636092036963
798,0.0,0,1,5.4434833e-05,0.7839691,True,0.5249523114006925,0.2001033792621456
799,1.0,1,0,0.99705637,5.810579e-18,True,0.03339735721047306,0.004999999888241291
800,0.0,0,0,0.0,0.0,False,0.0,0.0
801,0.0,0,1,8.8329244e-07,0.640948,True,0.3805476573637553,0.08399815112352371
802,0.0,0,0,1.0474969e-12,1.0474969e-12,False,0.0,0.0
803,1.0,1,0,1.0,0.37384427,True,0.6340519947956068,0.11194121837615967
804,0.0,0,1,9.148919e-07,0.85859823,True,0.7030535830551925,0.22325748205184937
805,0.0,0,1,1.592866e-36,0.5205723,True,1.6143957627197638,0.34776124358177185
806,0.0,0,1,2.4635136e-11,0.52781165,True,0.27416396219780903,0.054984718561172485
807,1.0,1,0,1.0,0.2670049,True,0.45333050058935137,0.07352614402770996
808,0.0,0,1,4.1593845e-05,0.79373264,True,0.5263358549382767,0.17433833982795477
809,0.0,0,1,7.639456e-05,0.8165761,True,0.4953657404529323,0.1864274389226921
810,1.0,1,0,1.0,0.2988725,True,0.5504784488698927,0.08751928806304932
811,0.0,0,0,2.3081996e-11,2.3081996e-11,False,0.0,0.0
812,0.0,0,1,5.824253e-09,0.61286956,True,1.0545659269324608,0.3233412504196167
813,0.0,0,1,5.7394254e-06,0.74214953,True,0.7648410990783548,0.2639316802669782
814,0.0,0,1,0.0,0.80551666,True,0.15947129014028164,0.027826279401779175
815,0.0,0,1,4.772077e-05,0.82485336,True,0.4935169179455759,0.1820505655487068
816,0.0,0,1,2.1481941e-07,0.89321035,True,0.8420724911258344,0.27773892879486084
817,0.0,0,1,2.8320357e-24,0.665767,True,0.3629414326112189,0.09630099684000015
818,0.0,0,1,7.866416e-06,0.8199626,True,0.6239567866363029,0.1972773889428936
819,0.0,0,0,0.0,0.0,False,0.0,0.0
820,0.0,0,1,4.1924774e-05,0.87202495,True,0.38949867505978486,0.12438911106437445
821,0.0,0,0,0.0,0.0,False,0.0,0.0
823,1.0,1,0,0.99999905,0.45680058,True,0.25055784002955045,0.043478116393089294
824,0.0,0,0,0.0,0.0,False,0.0,0.0
825,0.0,0,1,4.567271e-07,0.6275743,True,0.41486519214830897,0.09563051164150238
826,0.0,0,1,1.4863194e-08,0.5338468,True,1.2608666849706427,0.396470395848155
827,0.0,0,0,0.0,0.0,False,0.0,0.0
828,0.0,0,0,0.0,0.0,False,0.0,0.0
829,0.0,0,1,5.597732e-06,0.7411606,True,0.7649379436526669,0.2639316802669782
830,0.0,0,1,0.0,0.6802309,True,1.1941252669771425,0.4306749289680738
831,0.0,0,1,9.7880274e-27,0.51928127,True,1.2245808447526558,0.26265648007392883
832,0.0,0,1,4.134278e-09,0.82557493,True,1.1554310489302413,0.33640737005043775
833,1.0,1,0,1.0,0.44330597,True,0.7926928909344131,0.1932356208562851
834,0.0,0,0,0.0,0.0,False,0.0,0.0
835,0.0,0,1,1.335383e-09,0.53954,True,1.4081723207743213,0.4242572486400604
836,0.0,0,1,1.5244831e-08,0.5393632,True,1.0259699450008668,0.31775593757629395
837,0.0,0,1,2.2642407e-08,0.5330048,True,1.1198302679345817,0.3487657755613327
838,0.0,0,1,8.332018e-15,0.7366539,True,0.3662173849698237,0.06858263537287712
839,0.0,0,1,0.0,0.5109951,True,0.5171437850145032,0.11423409730195999
840,1.0,1,0,0.9980379,9.503877e-18,True,0.03339735721021335,0.004999999888241291
841,0.0,0,1,7.244834e-24,0.56822294,True,0.12881566709524944,0.036273062229156494
842,0.0,0,1,5.299047e-07,0.88171005,True,0.8831856400849043,0.2771390676498413
843,0.0,0,0,0.0,0.0,False,0.0,0.0
844,1.0,1,0,0.9953928,8.538029e-17,True,0.033764611171596244,0.0050000005576293916
845,0.0,0,1,1.4717336e-36,0.53297335,True,0.9786775756815007,0.24090909957885742
846,0.0,0,1,1.4494949e-06,0.8381708,True,0.8075757561880829,0.2656147664238233
847,0.0,0,1,5.7283247e-21,0.51665753,True,1.2162458550908897,0.3024558126926422
848,1.0,1,0,1.0,0.3212726,True,0.5965191791389909,0.09952709078788757
849,0.0,0,0,2.2000114e-17,2.2000114e-17,False,0.0,0.0
850,1.0,1,0,0.9976412,7.5586755e-18,True,0.033397358534864356,0.004999999888241291
851,0.0,0,1,5.4687936e-16,0.6487758,True,0.6836065043909038,0.13403980433940887
852,0.0,0,0,3.33979e-11,3.33979e-11,False,0.0,0.0
853,1.0,1,0,1.0,0.37425232,True,0.4552645889038243,0.07145710289478302
854,0.0,0,1,4.9074327e-09,0.63137686,True,0.359437614944949,0.08935347199440002
855,0.0,0,1,6.630736e-05,0.9815185,True,0.12354734172111398,0.02495429292321205
856,1.0,1,0,0.99743515,7.521714e-18,True,0.033397357349903414,0.004999999888241291
857,0.0,0,1,1.3091109e-07,0.5537393,True,1.0964095941715124,0.3408605456352234
858,1.0,1,0,1.0,0.3910777,True,0.6529568492559052,0.10386720299720764
859,0.0,0,1,7.712382e-07,0.78104043,True,0.9547650563715017,0.29524171352386475
860,0.0,0,1,8.795888e-07,0.6436703,True,0.38060150448428437,0.08399815112352371
861,0.0,0,1,3.118342e-17,0.9190267,True,0.0804397391057693,0.014547482132911682
862,0.0,0,1,8.679407e-06,0.73027474,True,0.6555269429977907,0.20814410812454298
863,0.0,0,0,1.354231e-12,1.354231e-12,False,0.0,0.0
864,0.0,0,1,4.7097685e-05,0.72932535,True,0.5359331987911223,0.18700057175010443
865,0.0,0,1,2.1616786e-05,0.8150729,True,0.5899360585274471,0.2144491172512062
866,0.0,0,1,1.3563385e-11,0.5009358,True,0.7454062842400044,0.18159767985343933
867,0.0,0,0,0.0,0.0,False,0.0,0.0
868,0.0,0,1,5.2823784e-06,0.7421567,True,0.7654636935512363,0.26430581862223335
869,0.0,0,1,1.9096342e-07,0.53711265,True,1.0628264123183941,0.3192903771996498
870,0.0,0,0,0.0,0.0,False,0.0,0.0
871,0.0,0,1,5.215291e-07,0.8559509,True,0.9209766560757651,0.31288228929042816
872,0.0,0,1,5.989033e-08,0.5828081,True,0.9263914226833934,0.27884483337402344
873,0.0,0,0,6.1991567e-15,6.1991567e-15,False,0.0,0.0
874,0.0,0,0,1.8985768e-32,1.8985768e-32,False,0.0,0.0
875,0.0,0,1,2.5147693e-07,0.8954148,True,1.0456132369256337,0.3365507125854492
876,0.0,0,1,6.912999e-06,0.75123376,True,0.6504875192183325,0.20360565092414618
877,0.0,0,1,1.6719594e-07,0.89716065,True,0.991553007231249,0.32189778611063957
878,1.0,1,0,0.9977264,7.8486925e-18,True,0.03339735616454207,0.004999999888241291
879,0.0,0,1,2.8224168e-08,0.9484871,True,1.037825769070055,0.33813464641571045
880,0.0,0,1,1.1685657e-07,0.55901873,True,1.1086823498822351,0.33118605613708496
881,0.0,0,0,0.0,0.0,False,0.0,0.0
882,1.0,1,0,0.99999464,0.13666809,True,0.03207852616732346,0.005000002682209015
883,0.0,0,0,0.012943396,0.012943396,False,0.0,0.0
884,0.0,0,0,4.5239554e-10,4.5239554e-10,False,0.0,0.0
885,0.0,0,1,2.3797356e-22,0.727096,True,0.5107196925763711,0.10824692249298096
886,0.0,0,0,3.7610068e-10,3.7610068e-10,False,0.0,0.0
887,0.0,0,1,2.8523476e-07,0.8434116,True,0.8805734592902248,0.2934719920158386
888,0.0,0,0,1.7777457e-11,1.7777457e-11,False,0.0,0.0
889,0.0,0,1,0.0,0.5914925,True,0.896591388565405,0.18108075857162476
890,0.0,0,0,0.0,0.0,False,0.0,0.0
891,0.0,0,0,0.0,0.0,False,0.0,0.0
892,0.0,0,1,9.125826e-06,0.8067226,True,0.2524815535041914,0.06866814196109772
893,0.0,0,1,9.790779e-07,0.58029133,True,0.3593465643245923,0.11207231134176254
894,0.0,0,1,1.7202166e-37,0.6415742,True,0.40158747948974927,0.0883002057671547
895,0.0,0,1,7.823917e-09,0.57095945,True,0.9813545571110155,0.30331742763519287
896,1.0,1,0,0.99993575,3.6798312e-07,True,0.054610473923809626,0.009999396279454231
897,0.0,0,1,0.0019532114,0.9999701,True,0.03339772333407992,0.005000000353902578
898,0.0,0,1,0.00016874542,0.6712974,True,0.4852881064531341,0.16213285393314436
899,0.0,0,1,1.1122376e-13,0.6965456,True,0.53056420284147,0.24078309361357242
900,0.0,0,1,3.1559605e-07,0.82822025,True,1.0128195865437426,0.3288220837712288
901,1.0,1,0,1.0,0.49717778,True,1.2124259311209034,0.2872413396835327
902,0.0,0,1,4.6066025e-06,0.8267402,True,0.6966518153211816,0.23834806150989607
903,0.0,0,1,1.5341519e-06,0.9213668,True,0.7042090126647753,0.2237640619277954
904,1.0,1,0,0.9974595,6.4839987e-18,True,0.03339735916228528,0.004999999888241291
905,0.0,0,1,4.2854695e-05,0.8699157,True,0.5581874548723411,0.1923739532358013
906,0.0,0,1,1.3587118e-06,0.83721524,True,0.8253321517729545,0.25858334451913834
907,0.0,0,1,1.17746985e-08,0.99994254,True,0.06594683418997117,0.010003834962844849
908,1.0,1,0,0.99997807,3.6283888e-07,True,0.05805723623776784,0.010005056858062744
909,0.0,0,1,0.0011687346,0.5787054,True,0.17132159548015613,0.02964496612548828
910,0.0,0,0,1.3572068e-09,1.3572068e-09,False,0.0,0.0
911,0.0,0,1,4.2914682e-11,0.57712626,True,1.2600658249202206,0.4082038402557373
912,0.0,0,1,1.8332274e-06,0.79952276,True,0.7248804672439394,0.24041372910141945
913,0.0,0,0,5.4964694e-10,5.4964694e-10,False,0.0,0.0
914,0.0,0,1,4.7027734e-31,0.5150391,True,0.5602925881934371,0.22508004307746887
915,0.0,0,1,0.00021567698,0.89683616,True,0.06731224672366788,0.010006725788116455
916,0.0,0,0,0.0,0.0,False,0.0,0.0
917,0.0,0,1,0.0,0.5570157,True,0.6529493622789364,0.11783377826213837
918,0.0,0,0,0.0,0.0,False,0.0,0.0
919,0.0,0,0,0.0,0.0,False,0.0,0.0
920,0.0,0,1,0.0,0.5627524,True,1.0164294108595004,0.20167547464370728
921,1.0,1,0,0.9972856,1.7680286e-17,True,0.03339744577438838,0.005000000353902578
922,0.0,0,0,0.0,0.0,False,0.0,0.0
923,0.0,0,1,0.0,0.5567336,True,0.8700090216037653,0.18437141180038452
924,0.0,0,1,2.1744103e-20,0.8045001,True,0.47593594743533785,0.11892074346542358
925,1.0,1,0,1.0,0.49191114,True,1.1523881194813643,0.2818215489387512
926,0.0,0,1,3.1872503e-05,0.7355826,True,0.578748822729475,0.1950967600569129
927,0.0,0,1,1.6976961e-06,0.8418298,True,0.8584771298850213,0.287344004958868
928,0.0,0,1,1.3332645e-05,0.81370485,True,0.5758372660832534,0.21093125111656263
929,0.0,0,1,0.3257809,0.99993,True,0.02875067110823609,0.004999999888241291
930,0.0,0,0,1.3348042e-10,1.3348042e-10,False,0.0,0.0
931,0.0,0,0,2.1148432e-09,2.1148432e-09,False,0.0,0.0
932,0.0,0,0,0.0,0.0,False,0.0,0.0
933,1.0,1,0,1.0,0.47095156,True,1.1699752074577259,0.2819320857524872
934,0.0,0,1,6.294212e-05,0.52329403,True,0.10191563280571322,0.0199514701962471
935,1.0,1,0,0.9978091,1.6218155e-17,True,0.033397300961732435,0.005000000091968104
936,0.0,0,1,6.1623014e-06,0.8221661,True,0.6331642765892463,0.20126780337886885
937,0.0,0,1,2.637939e-29,0.5702591,True,0.6451469930841288,0.15862169861793518
938,0.0,0,1,1.4492619e-25,0.5198234,True,0.5121422833194865,0.11565625667572021
939,0.0,0,0,7.686062e-17,7.686062e-17,False,0.0,0.0
940,0.0,0,1,6.524058e-10,0.5851634,True,1.1977504887812114,0.3859003782272339
941,0.0,0,0,0.0,0.0,False,0.0,0.0
942,0.0,0,1,5.123527e-05,0.99861014,True,0.02822907031714636,0.005000002682209015
943,0.0,0,1,5.3788626e-05,0.8331952,True,0.5022740488285805,0.1846815487369895
944,0.0,0,1,0.0,0.656369,True,0.6202888312706387,0.1219245195388794
945,0.0,0,1,7.909769e-06,0.5784473,True,0.23349583257444598,0.04485726356506348
946,0.0,0,1,7.592507e-20,0.75278693,True,0.5131169790610691,0.09020078182220459
947,0.0,0,0,0.0,0.0,False,0.0,0.0
948,0.0,0,1,3.5457944e-07,0.92905194,True,0.8631840875321942,0.2756624221801758
949,0.0,0,1,7.1725985e-23,0.5469659,True,0.26000086336268224,0.07540423423051834
950,0.0,0,1,1.0391482e-06,0.9135717,True,0.7921982673430621,0.2564646005630493
951,0.0,0,1,0.2217077,0.93045753,True,0.030413815741177297,0.004999999888241291
952,0.0,0,1,1.6113178e-08,0.53948134,True,1.21635885245919,0.3761265277862549
953,0.0,0,1,1.6560737e-08,0.5229169,True,1.7080639784978748,0.48400193452835083
954,1.0,1,0,1.0,0.45929813,True,0.41075658809590926,0.0802682638168335
955,0.0,0,1,5.972492e-06,0.77972364,True,0.8472375892146569,0.271657017263351
956,1.0,1,0,0.9999912,3.086424e-07,True,0.05762922395752498,0.01000570715405047
957,0.0,0,0,1.9238139e-20,1.9238139e-20,False,0.0,0.0
958,0.0,0,1,4.3697086e-09,0.9635655,True,0.7714734368034136,0.22686903178691864
959,0.0,0,1,3.5615933e-08,0.5343248,True,1.134604072311494,0.3385523557662964
960,0.0,0,0,1.6544769e-11,1.6544769e-11,False,0.0,0.0
961,0.0,0,0,1.881545e-34,1.881545e-34,False,0.0,0.0
962,0.0,0,1,3.051271e-06,0.7806774,True,0.677936589391905,0.2246085650403984
963,0.0,0,0,0.0,0.0,False,0.0,0.0
964,0.0,0,1,0.14224605,0.97691476,True,0.033758608450580346,0.005000002682209015
965,0.0,0,1,1.419973e-05,0.647668,True,0.6021883426454937,0.19448128249496222
966,0.0,0,1,1.0483776e-06,0.8349586,True,0.8263583413805561,0.27302542701363564
967,0.0,0,0,4.8950664e-27,4.8950664e-27,False,0.0,0.0
968,0.0,0,1,4.074833e-07,0.87333626,True,0.784418042970205,0.24682226247387007
969,0.0,0,1,1.17809705e-07,0.91076636,True,0.8313867756090125,0.2704017162322998
970,0.0,0,0,0.0,0.0,False,0.0,0.0
971,0.0,0,1,0.0,0.5757221,True,1.165361212292222,0.25314661860466003
972,0.0,0,0,1.03439965e-11,1.03439965e-11,False,0.0,0.0
973,0.0,0,1,3.642847e-06,0.8755583,True,0.6632784907311924,0.209433535404969
974,0.0,0,1,9.012804e-08,0.51121116,True,1.0685103673716794,0.31527090072631836
975,0.0,0,1,9.3602085e-07,0.84547144,True,0.9293681112784721,0.31594856828451157
976,1.0,1,0,0.99999976,4.9526345e-05,True,0.05699837483707895,0.009996497072279453
977,0.0,0,1,0.05369695,0.5253376,True,0.09365747312944114,0.020019367337226868
978,1.0,1,0,1.0,0.23268193,True,0.2709563571418494,0.04436385631561279
979,0.0,0,1,0.00010557957,0.9987029,True,0.029030986539021884,0.005000002682209015
980,0.0,0,1,1.9177556e-07,0.8683753,True,0.85663909570478,0.27721118927001953
981,0.0,0,1,3.3499225e-14,0.9758158,True,0.05580842563839957,0.009855270385742188
982,0.0,0,1,3.7412054e-31,0.79194695,True,0.20879802334382372,0.044746071100234985
983,0.0,0,1,1.02932e-07,0.5037024,True,1.0528184166904508,0.30987472273409367
984,0.0,0,0,0.0,0.0,False,0.0,0.0
985,0.0,0,0,0.0,0.0,False,0.0,0.0
986,0.0,0,0,0.0,0.0,False,0.0,0.0
987,0.0,0,0,0.010292585,0.010292585,False,0.0,0.0
988,0.0,0,1,4.2054627e-11,0.6675521,True,0.08876464239406084,0.014331132173538208
989,0.0,0,0,7.5435214e-11,7.5435214e-11,False,0.0,0.0
990,0.0,0,1,1.6904477e-16,0.5003087,True,0.6769521735042047,0.11729437112808228
991,0.0,0,1,2.0771975e-05,0.8348406,True,0.1939136480911467,0.03884296864271164
992,0.0,0,0,0.0,0.0,False,0.0,0.0
993,0.0,0,1,5.2767746e-06,0.7416484,True,0.7654625563594969,0.2643058431567624
994,0.0,0,1,3.0154726e-05,0.6629478,True,0.5687915532228264,0.19219362642616034
995,0.0,0,0,2.9250694e-23,2.9250694e-23,False,0.0,0.0
996,0.0,0,1,2.96975e-08,0.5094053,True,0.33350934793852316,0.060813501477241516
997,0.0,0,1,1.5984462e-08,0.5343678,True,1.2588981760080684,0.3947252631187439
998,0.0,0,0,0.0,0.0,False,0.0,0.0
999,0.0,0,1,7.338363e-05,0.7553918,True,0.5022330414700689,0.17191170062869787
