epoch,total_loss,clean_loss,adversarial_loss,clean_accuracy,adversarial_accuracy
1,0.6678994411531787,0.17675461760310773,1.1590442694988163,0.9430413947657881,0.2625197839605226
2,0.4115957286186254,0.1219539231760015,0.7012375337972849,0.9515351256161486,0.1938197238886009
3,0.40043064068616924,0.10913803368996985,0.691723247915044,0.9580676042275272,0.17566099686473943
4,0.4009594211211471,0.10339237883001684,0.6985264630000217,0.9601714929929807,0.13867013383146398
5,0.39702835776947576,0.09622503021903649,0.6978316853906884,0.9606693493305684,0.13115428609046997
6,0.40379275737255044,0.09375398184826382,0.713831533373326,0.9579290822162425,0.0987538505004622
7,0.40044530056384103,0.09020130442642967,0.7106892966055255,0.9596599216047706,0.09302095934036092
8,0.40056829077088263,0.08534220070775694,0.7157943805546343,0.964382013534012,0.0809846309142727
9,0.3981351770284704,0.07954846450285713,0.7167218893951399,0.9673650370443517,0.07446998186870307
10,0.3951399738279975,0.07619240515021676,0.7140875416167475,0.9696033333059032,0.07775885100791907
