Index,True_Label,Clean_Prediction,DeepFool_Prediction,Attack_Success,Evasion_Success,L2,Linf,Iterations
0,0,0,0,False,False,0.47693026065826416,0.350787878036499,50
1,0,0,0,False,False,0.4998379945755005,0.2837181091308594,50
2,0,0,0,False,False,0.49020111560821533,0.24007241427898407,50
3,0,0,0,False,False,0.4867955148220062,0.22579024732112885,50
4,0,0,0,False,False,0.500797688961029,0.2544732093811035,50
5,0,0,0,False,False,0.5082591772079468,0.2501572072505951,50
6,0,0,0,False,False,0.5086875557899475,0.33206504583358765,50
7,0,0,1,True,True,0.21019119024276733,0.1502835601568222,22
8,1,1,1,False,False,0.5001275539398193,0.2528628706932068,50
9,0,0,0,False,False,0.5073474049568176,0.23599398136138916,50
10,1,1,1,False,False,0.5099719166755676,0.20641766488552094,50
11,0,0,0,False,False,0.4506426453590393,0.2139483094215393,50
12,0,0,0,False,False,0.48550787568092346,0.24013745784759521,50
13,0,0,0,False,False,0.4984298050403595,0.29640713334083557,50
14,0,0,0,False,False,0.49281206727027893,0.29408085346221924,50
15,0,0,0,False,False,0.5053191184997559,0.289095014333725,50
16,0,0,0,False,False,0.49715524911880493,0.23657016456127167,50
17,0,0,0,False,False,0.4968486726284027,0.2384030520915985,50
18,0,0,0,False,False,0.5071991086006165,0.2300727367401123,50
19,0,0,0,False,False,0.4889249801635742,0.1913699209690094,50
20,1,1,1,False,False,0.22894512116909027,0.12008276581764221,50
21,0,0,0,False,False,0.4889303743839264,0.2338477075099945,50
22,0,0,1,True,True,0.12195612490177155,0.05978517234325409,13
23,0,0,0,False,False,0.4898294508457184,0.24178603291511536,50
24,0,0,0,False,False,0.4845414459705353,0.20678843557834625,50
25,0,0,0,False,False,0.4952715337276459,0.317669153213501,50
26,0,0,0,False,False,0.4548221528530121,0.23122945427894592,50
27,1,0,0,True,False,0.0,0.0,1
28,0,0,0,False,False,0.483999103307724,0.23881420493125916,50
29,0,0,0,False,False,0.5059667825698853,0.21764999628067017,50
30,0,0,0,False,False,0.49418142437934875,0.2227209210395813,50
31,0,0,0,False,False,0.4902501106262207,0.40458887815475464,50
32,0,0,0,False,False,0.5066785216331482,0.2534438371658325,50
33,0,0,0,False,False,0.5014100670814514,0.3106480836868286,50
34,0,0,1,True,True,0.35995662212371826,0.2764046788215637,38
35,0,0,0,False,False,0.49687647819519043,0.1746291220188141,50
36,0,0,0,False,False,0.5021017789840698,0.19416441023349762,50
37,0,0,0,False,False,0.4873844087123871,0.21162037551403046,50
38,0,0,0,False,False,0.48460766673088074,0.24343375861644745,50
39,0,0,0,False,False,0.5066636800765991,0.2995566129684448,50
40,0,0,0,False,False,0.47402718663215637,0.34456419944763184,50
41,0,0,1,True,True,0.3218488395214081,0.2376096099615097,33
42,0,0,0,False,False,0.4931371212005615,0.24984607100486755,50
43,0,0,0,False,False,0.4991876780986786,0.21356627345085144,50
44,1,0,0,True,False,0.0,0.0,1
45,0,0,0,False,False,0.48604920506477356,0.247869610786438,50
46,0,0,1,True,True,0.2652929723262787,0.22118231654167175,28
47,0,0,0,False,False,0.44480574131011963,0.22938929498195648,50
48,1,1,1,False,False,0.5073831677436829,0.269930362701416,50
49,1,1,0,True,True,0.1497255563735962,0.07119783759117126,16
50,0,0,0,False,False,0.4985463619232178,0.40298882126808167,50
51,0,0,0,False,False,0.48478221893310547,0.34958359599113464,50
52,0,0,1,True,True,0.3888305723667145,0.21918103098869324,42
53,1,1,1,False,False,0.5014749765396118,0.29044103622436523,50
54,1,1,1,False,False,0.5047309398651123,0.2566206455230713,50
55,0,0,0,False,False,0.5069113969802856,0.2700873613357544,50
56,0,0,0,False,False,0.4862535297870636,0.20768339931964874,50
57,0,0,0,False,False,0.49023914337158203,0.2641611099243164,50
58,0,0,0,False,False,0.5074722766876221,0.3564879596233368,50
59,0,0,0,False,False,0.49691855907440186,0.2475462704896927,50
60,0,0,0,False,False,0.49519455432891846,0.24538177251815796,50
61,1,1,1,False,False,0.44514012336730957,0.22775551676750183,50
62,0,0,0,False,False,0.48821139335632324,0.21831078827381134,50
63,0,0,0,False,False,0.48573949933052063,0.2252354472875595,50
64,0,0,0,False,False,0.4647383987903595,0.2674775719642639,50
65,0,0,0,False,False,0.5042749047279358,0.16093629598617554,50
66,0,0,0,False,False,0.4945560097694397,0.2502879202365875,50
67,1,1,1,False,False,0.5091151595115662,0.2322940081357956,50
68,1,1,1,False,False,0.5070124268531799,0.2511305809020996,50
69,0,0,0,False,False,0.4856095016002655,0.22481714189052582,50
70,0,0,0,False,False,0.5004170536994934,0.1965920329093933,50
71,0,0,0,False,False,0.4869883358478546,0.2072821408510208,50
72,0,0,0,False,False,0.4907773733139038,0.24527224898338318,50
73,0,0,0,False,False,0.485090970993042,0.2252456396818161,50
74,0,0,0,False,False,0.4878328740596771,0.22313468158245087,50
75,0,0,0,False,False,0.48112422227859497,0.2820790410041809,50
76,0,0,0,False,False,0.4872393012046814,0.22185686230659485,50
77,0,0,0,False,False,0.5003819465637207,0.21503537893295288,50
78,1,1,1,False,False,0.5095679759979248,0.24477171897888184,50
79,0,0,0,False,False,0.5067561268806458,0.20463912189006805,50
80,0,0,0,False,False,0.482818067073822,0.22536496818065643,50
81,0,0,0,False,False,0.5057128667831421,0.18311470746994019,50
82,0,0,1,True,True,0.45643508434295654,0.25322699546813965,50
83,0,0,0,False,False,0.4874271750450134,0.2191532701253891,50
84,0,0,0,False,False,0.46910998225212097,0.22975465655326843,50
85,0,0,0,False,False,0.5080602765083313,0.25126683712005615,50
86,0,0,0,False,False,0.5100025534629822,0.22579431533813477,50
87,1,1,0,True,True,0.20598000288009644,0.13900308310985565,23
88,0,0,0,False,False,0.49429449439048767,0.23767976462841034,50
89,1,1,1,False,False,0.5078963041305542,0.2972542643547058,50
90,1,1,0,True,True,0.1454978734254837,0.1129784882068634,16
91,0,0,0,False,False,0.5069395303726196,0.2136017084121704,50
92,0,0,0,False,False,0.49225422739982605,0.27449965476989746,50
93,0,0,0,False,False,0.5009113550186157,0.23882216215133667,50
94,0,0,0,False,False,0.5065405964851379,0.33297741413116455,50
95,1,1,1,False,False,0.4952827990055084,0.26425883173942566,50
96,0,0,0,False,False,0.4925364851951599,0.3788353204727173,50
97,0,0,0,False,False,0.4563254117965698,0.27565181255340576,50
98,0,0,0,False,False,0.5040730237960815,0.22259759902954102,50
99,1,1,1,False,False,0.508249044418335,0.3171631097793579,50
100,0,0,0,False,False,0.4844275712966919,0.267790824174881,50
101,0,0,0,False,False,0.49084147810935974,0.24181899428367615,50
102,0,0,1,True,True,0.25287923216819763,0.23370540142059326,26
103,0,0,0,False,False,0.5083099007606506,0.20381347835063934,50
104,0,0,0,False,False,0.49721670150756836,0.26990050077438354,50
105,0,0,0,False,False,0.46915557980537415,0.225907564163208,50
106,0,0,0,False,False,0.48640361428260803,0.26252537965774536,50
107,0,0,1,True,True,0.3682716488838196,0.3025016188621521,40
108,1,1,1,False,False,0.5099711418151855,0.2338026762008667,50
109,0,0,0,False,False,0.5097817778587341,0.2669203281402588,50
110,0,0,0,False,False,0.4878762364387512,0.2283138781785965,50
111,0,0,0,False,False,0.4938255548477173,0.4134235084056854,50
112,0,0,0,False,False,0.49677345156669617,0.2542799413204193,50
113,0,1,1,True,False,0.0,0.0,1
114,0,0,0,False,False,0.4914014935493469,0.1965923011302948,50
115,0,0,0,False,False,0.4894242584705353,0.26028579473495483,50
116,0,0,0,False,False,0.48379236459732056,0.2155354768037796,50
117,0,0,0,False,False,0.4928692877292633,0.2530951201915741,50
118,0,0,0,False,False,0.49994298815727234,0.30472636222839355,50
119,0,0,0,False,False,0.5050662755966187,0.21164610981941223,50
120,0,0,0,False,False,0.476170152425766,0.1918373852968216,50
121,0,0,0,False,False,0.4944993853569031,0.2745307683944702,50
122,0,0,0,False,False,0.4845704436302185,0.24019232392311096,50
123,0,0,0,False,False,0.48422926664352417,0.23274627327919006,50
124,0,0,0,False,False,0.49819833040237427,0.3036022186279297,50
125,0,0,1,True,True,0.36827048659324646,0.30249813199043274,40
126,1,1,1,False,False,0.49699389934539795,0.2527124881744385,50
127,0,0,0,False,False,0.5031182765960693,0.249337300658226,50
128,1,1,0,True,True,0.21746692061424255,0.2080596536397934,23
129,0,0,0,False,False,0.4990600347518921,0.3790208101272583,50
130,0,1,1,True,False,0.0,0.0,1
131,0,0,0,False,False,0.49991828203201294,0.4351419508457184,50
132,0,0,0,False,False,0.4805377423763275,0.21981044113636017,50
133,0,0,0,False,False,0.49036872386932373,0.29363560676574707,50
134,0,0,1,True,True,0.3198736011981964,0.2854191064834595,34
135,0,0,0,False,False,0.504922091960907,0.2349700927734375,50
136,0,0,0,False,False,0.49632441997528076,0.23046329617500305,50
137,0,0,0,False,False,0.5046798586845398,0.21578934788703918,50
138,0,0,0,False,False,0.4937955439090729,0.3448870778083801,50
139,0,0,0,False,False,0.49220260977745056,0.2470652014017105,50
140,0,0,1,True,True,0.39142051339149475,0.2383875846862793,42
141,0,0,0,False,False,0.4894687533378601,0.2573842704296112,50
142,1,1,0,True,True,0.23280948400497437,0.1063811182975769,24
143,0,0,0,False,False,0.46080854535102844,0.28135716915130615,50
144,0,0,0,False,False,0.48996129631996155,0.24183428287506104,50
145,1,1,1,False,False,0.48817628622055054,0.2804756462574005,50
146,0,1,1,True,False,0.0,0.0,1
147,1,1,1,False,False,0.503180742263794,0.21946178376674652,50
148,0,0,0,False,False,0.4986538887023926,0.2039014995098114,50
149,0,0,0,False,False,0.48948046565055847,0.21808676421642303,50
150,0,0,0,False,False,0.49945470690727234,0.28724220395088196,50
151,0,0,0,False,False,0.48538708686828613,0.3982977867126465,50
152,0,0,0,False,False,0.5022589564323425,0.33744359016418457,50
153,0,0,0,False,False,0.4874862730503082,0.26029086112976074,50
154,0,0,0,False,False,0.4806552231311798,0.2798125445842743,50
155,0,0,0,False,False,0.48712852597236633,0.21568889915943146,50
156,1,1,1,False,False,0.506569504737854,0.30739128589630127,50
157,0,0,0,False,False,0.4788016974925995,0.29476264119148254,50
158,0,0,0,False,False,0.49525365233421326,0.220952570438385,50
159,0,0,0,False,False,0.4800502061843872,0.2311890572309494,50
160,0,0,0,False,False,0.5030816793441772,0.33422449231147766,50
161,0,0,0,False,False,0.48990336060523987,0.19806604087352753,50
162,0,0,0,False,False,0.5098084211349487,0.3219343423843384,50
163,0,0,0,False,False,0.4946782886981964,0.2515466809272766,50
164,0,0,0,False,False,0.48448681831359863,0.2183590680360794,50
165,1,1,1,False,False,0.506537675857544,0.2961127758026123,50
166,0,0,0,False,False,0.48296719789505005,0.21981872618198395,50
167,0,0,0,False,False,0.480894535779953,0.41337698698043823,50
168,0,0,0,False,False,0.5021932721138,0.37936657667160034,50
169,1,1,1,False,False,0.1840377300977707,0.11615778505802155,50
170,0,0,0,False,False,0.5001886487007141,0.29877522587776184,50
171,0,0,0,False,False,0.5069125890731812,0.32385292649269104,50
172,1,1,1,False,False,0.5078039765357971,0.2946659326553345,50
173,1,1,0,True,True,0.30029356479644775,0.2651348412036896,31
174,0,0,0,False,False,0.4897831976413727,0.23060688376426697,50
175,0,0,0,False,False,0.4923625588417053,0.2469891905784607,50
176,1,1,1,False,False,0.5097759962081909,0.28340256214141846,50
177,0,0,1,True,True,0.2529166340827942,0.23300419747829437,26
178,0,0,0,False,False,0.4858386218547821,0.26037946343421936,50
179,0,0,0,False,False,0.5075146555900574,0.21970978379249573,50
180,0,0,0,False,False,0.4848918914794922,0.2618700861930847,50
181,0,0,0,False,False,0.5047647356987,0.21935909986495972,50
182,0,0,0,False,False,0.49390387535095215,0.2981848120689392,50
183,1,1,0,True,True,0.2269665002822876,0.21623915433883667,24
184,0,0,0,False,False,0.49289026856422424,0.26311683654785156,50
185,0,1,1,True,False,0.0,0.0,1
186,1,1,0,True,True,0.1455591917037964,0.11305895447731018,16
187,0,0,0,False,False,0.5055117011070251,0.26274457573890686,50
188,0,0,0,False,False,0.49830785393714905,0.2066439837217331,50
189,0,0,0,False,False,0.49533629417419434,0.27389827370643616,50
190,0,0,0,False,False,0.4831847846508026,0.24041561782360077,50
191,0,0,0,False,False,0.4868794083595276,0.21973858773708344,50
192,0,0,0,False,False,0.492937833070755,0.2421010583639145,50
193,0,0,0,False,False,0.49767959117889404,0.24542511999607086,50
194,0,0,0,False,False,0.4941574037075043,0.26869890093803406,50
195,0,0,0,False,False,0.4858801066875458,0.20771832764148712,50
196,1,1,0,True,True,0.1387990266084671,0.11610615253448486,15
197,0,0,0,False,False,0.5015242099761963,0.28768935799598694,50
198,0,0,0,False,False,0.491847425699234,0.23923015594482422,50
199,0,0,0,False,False,0.4726621210575104,0.2113329917192459,50
200,0,0,0,False,False,0.4919895827770233,0.24283134937286377,50
201,0,0,0,False,False,0.5023365020751953,0.2585037350654602,50
202,0,0,0,False,False,0.46921229362487793,0.3954627215862274,50
203,0,0,0,False,False,0.491696298122406,0.26456668972969055,50
204,0,0,0,False,False,0.4940843880176544,0.2854074239730835,50
205,0,0,0,False,False,0.5019720196723938,0.28993096947669983,50
206,0,0,0,False,False,0.5005484819412231,0.24051624536514282,50
207,0,0,0,False,False,0.4872590899467468,0.2255815714597702,50
208,0,0,0,False,False,0.49030598998069763,0.24030527472496033,50
209,0,0,0,False,False,0.49606525897979736,0.20190848410129547,50
210,0,0,0,False,False,0.4903494417667389,0.21573089063167572,50
211,0,0,0,False,False,0.4838995635509491,0.20404641330242157,50
212,0,0,0,False,False,0.4964584410190582,0.20521211624145508,50
213,0,0,0,False,False,0.4906066656112671,0.21872788667678833,50
214,1,1,1,False,False,0.5078441500663757,0.316017746925354,50
215,0,0,0,False,False,0.4582268297672272,0.26065564155578613,50
216,1,1,1,False,False,0.50689697265625,0.2358008325099945,50
217,0,0,0,False,False,0.5049996376037598,0.22722314298152924,50
218,0,0,0,False,False,0.5059533715248108,0.31606435775756836,50
219,0,0,0,False,False,0.4964584410190582,0.20521211624145508,50
220,0,0,0,False,False,0.502066433429718,0.3073745667934418,50
221,0,0,0,False,False,0.4771764874458313,0.18239277601242065,50
222,0,0,0,False,False,0.4968622624874115,0.22470027208328247,50
223,0,0,0,False,False,0.5062705278396606,0.2830018103122711,50
224,0,0,0,False,False,0.4850080907344818,0.23589634895324707,50
225,1,1,1,False,False,0.5078058242797852,0.21550431847572327,50
226,0,0,0,False,False,0.47706615924835205,0.40196236968040466,50
227,0,0,0,False,False,0.492937833070755,0.24210107326507568,50
228,0,0,0,False,False,0.5084922909736633,0.2608429789543152,50
229,1,1,1,False,False,0.5066490769386292,0.29287755489349365,50
230,0,0,0,False,False,0.489502489566803,0.2390713095664978,50
231,0,0,1,True,True,0.3459419310092926,0.2815859317779541,48
232,0,0,0,False,False,0.4893462061882019,0.22102811932563782,50
233,1,1,1,False,False,0.4975683093070984,0.25589752197265625,50
234,0,0,0,False,False,0.49224361777305603,0.24244266748428345,50
235,1,1,1,False,False,0.5013867020606995,0.31295761466026306,50
236,0,0,1,True,True,0.28537264466285706,0.14028418064117432,33
237,0,0,0,False,False,0.4963225722312927,0.20038869976997375,50
238,0,0,0,False,False,0.48482948541641235,0.26445508003234863,50
239,0,0,0,False,False,0.4879685640335083,0.2051655352115631,50
240,0,0,0,False,False,0.4984477758407593,0.29646703600883484,50
241,1,1,1,False,False,0.17087969183921814,0.1048700213432312,50
242,0,0,0,False,False,0.47506022453308105,0.2641277313232422,50
243,0,0,0,False,False,0.5010976195335388,0.19481304287910461,50
244,0,0,0,False,False,0.504249095916748,0.26013267040252686,50
245,0,0,0,False,False,0.4939461052417755,0.32850873470306396,50
246,0,0,0,False,False,0.48687005043029785,0.2588379979133606,50
247,0,0,0,False,False,0.4451863467693329,0.2579731345176697,50
248,0,0,1,True,True,0.24215595424175262,0.17796534299850464,25
249,0,0,0,False,False,0.4910653531551361,0.23837143182754517,50
250,0,0,0,False,False,0.4919688105583191,0.24807369709014893,50
251,0,1,1,True,False,0.0,0.0,1
252,0,0,0,False,False,0.5054833292961121,0.22367706894874573,50
253,0,1,1,True,False,0.0,0.0,1
254,0,0,0,False,False,0.5031090378761292,0.23292869329452515,50
255,1,1,1,False,False,0.5060389637947083,0.29637229442596436,50
256,0,0,0,False,False,0.4751366376876831,0.2571262717247009,50
257,0,0,0,False,False,0.49111407995224,0.24945653975009918,50
258,0,0,0,False,False,0.4927648901939392,0.23144620656967163,50
259,0,0,0,False,False,0.48307710886001587,0.22327832877635956,50
260,0,0,0,False,False,0.4925375282764435,0.28211355209350586,50
261,0,0,0,False,False,0.4748842716217041,0.23615491390228271,50
262,1,1,0,True,True,0.24645021557807922,0.12003569304943085,26
263,1,1,1,False,False,0.20198388397693634,0.09524565935134888,50
264,0,0,0,False,False,0.49768707156181335,0.20202340185642242,50
265,0,0,0,False,False,0.48514407873153687,0.3016674518585205,50
266,0,0,0,False,False,0.5093080997467041,0.26269158720970154,50
267,0,0,0,False,False,0.4923767149448395,0.19478631019592285,50
268,0,0,0,False,False,0.5011592507362366,0.19420742988586426,50
269,1,1,1,False,False,0.5066364407539368,0.2714815139770508,50
270,0,0,0,False,False,0.4964812695980072,0.23112575709819794,50
271,0,0,0,False,False,0.4926624596118927,0.2478329837322235,50
272,0,0,0,False,False,0.5096608400344849,0.3538708984851837,50
273,0,0,0,False,False,0.49024757742881775,0.23976130783557892,50
274,0,0,0,False,False,0.4809368848800659,0.2562101483345032,50
275,0,0,0,False,False,0.4995625615119934,0.27733057737350464,50
276,0,0,0,False,False,0.49758780002593994,0.26980525255203247,50
277,1,1,0,True,True,0.2833845615386963,0.2569276690483093,29
278,0,0,0,False,False,0.4886084198951721,0.33485284447669983,50
279,1,1,1,False,False,0.5074622631072998,0.29937344789505005,50
280,1,1,1,False,False,0.21013158559799194,0.135955348610878,50
281,1,1,1,False,False,0.5079541206359863,0.22535283863544464,50
282,0,0,0,False,False,0.48513102531433105,0.2244778275489807,50
283,0,0,0,False,False,0.5018706917762756,0.4021363854408264,50
284,0,0,0,False,False,0.4867273271083832,0.22538144886493683,50
285,0,0,0,False,False,0.47365474700927734,0.24886935949325562,50
286,0,0,0,False,False,0.4824032187461853,0.23047326505184174,50
287,0,0,0,False,False,0.45081594586372375,0.22494539618492126,50
288,0,0,0,False,False,0.49423402547836304,0.21573272347450256,50
289,0,0,0,False,False,0.5001776218414307,0.27967357635498047,50
290,0,0,0,False,False,0.4707341194152832,0.2501218318939209,50
291,0,0,0,False,False,0.46476706862449646,0.2820255756378174,50
292,0,0,0,False,False,0.4962277412414551,0.40903234481811523,50
293,0,0,0,False,False,0.4862556457519531,0.2633839249610901,50
294,0,0,0,False,False,0.4843273162841797,0.20649950206279755,50
295,0,0,0,False,False,0.4755297899246216,0.20141664147377014,50
296,0,0,0,False,False,0.48983240127563477,0.2613747715950012,50
297,1,1,0,True,True,0.010200003162026405,0.006411656737327576,2
298,0,1,1,True,False,0.0,0.0,1
299,0,0,0,False,False,0.5015146732330322,0.2098694145679474,50
300,0,0,0,False,False,0.5022851824760437,0.23972278833389282,50
301,0,0,1,True,True,0.046733178198337555,0.03390254080295563,6
302,1,1,1,False,False,0.5085383057594299,0.25917935371398926,50
303,0,0,0,False,False,0.48902201652526855,0.26080554723739624,50
304,0,0,0,False,False,0.484213262796402,0.21984462440013885,50
305,0,0,0,False,False,0.48496758937835693,0.2270262986421585,50
306,0,0,0,False,False,0.47698184847831726,0.22983993589878082,50
307,0,0,0,False,False,0.5043326616287231,0.28849995136260986,50
308,0,0,0,False,False,0.5078442692756653,0.20792421698570251,50
309,0,0,1,True,True,0.3811381161212921,0.2649008333683014,39
310,0,0,0,False,False,0.47824934124946594,0.22277161478996277,50
311,0,0,0,False,False,0.5062906742095947,0.2925223708152771,50
312,0,0,0,False,False,0.4874570667743683,0.25798627734184265,50
313,0,0,0,False,False,0.4936939775943756,0.24394649267196655,50
314,0,0,0,False,False,0.5073080062866211,0.3214496970176697,50
315,0,0,0,False,False,0.4871782660484314,0.22382764518260956,50
316,0,0,0,False,False,0.5084973573684692,0.24187660217285156,50
317,0,0,0,False,False,0.50753253698349,0.3629310727119446,50
318,0,0,0,False,False,0.48140111565589905,0.2939475178718567,50
319,0,0,0,False,False,0.4858689606189728,0.26130878925323486,50
320,1,1,1,False,False,0.5079498887062073,0.3158602714538574,50
321,1,1,1,False,False,0.5030050277709961,0.2945595979690552,50
322,0,0,0,False,False,0.4858689606189728,0.26130878925323486,50
323,1,1,1,False,False,0.5097301602363586,0.270369291305542,50
324,1,1,1,False,False,0.49468478560447693,0.26265060901641846,50
325,0,0,0,False,False,0.509627640247345,0.26640844345092773,50
326,0,0,0,False,False,0.506234347820282,0.3111765682697296,50
327,0,0,0,False,False,0.48168617486953735,0.22677619755268097,50
328,0,0,0,False,False,0.4304773509502411,0.2183448225259781,50
329,0,0,0,False,False,0.49053141474723816,0.24236780405044556,50
330,0,0,0,False,False,0.505057692527771,0.29925113916397095,50
331,0,0,1,True,True,0.07014121115207672,0.04756781458854675,8
332,1,1,1,False,False,0.48090603947639465,0.45837366580963135,50
333,0,1,1,True,False,0.0,0.0,1
334,0,0,0,False,False,0.4920554757118225,0.2424750179052353,50
335,0,0,0,False,False,0.4941574037075043,0.26869890093803406,50
336,0,0,0,False,False,0.49137845635414124,0.24881812930107117,50
337,0,0,0,False,False,0.5008596181869507,0.29299286007881165,50
338,0,0,1,True,True,0.23409010469913483,0.15672966837882996,27
339,0,0,0,False,False,0.5078715682029724,0.20097991824150085,50
340,0,0,0,False,False,0.5095648765563965,0.25028538703918457,50
341,0,0,0,False,False,0.5060369968414307,0.23984026908874512,50
342,0,0,0,False,False,0.44716355204582214,0.23470668494701385,50
343,0,0,0,False,False,0.4903867542743683,0.24049165844917297,50
344,0,0,0,False,False,0.5050804018974304,0.3627479076385498,50
345,0,0,0,False,False,0.4961148798465729,0.36543676257133484,50
346,0,0,0,False,False,0.45987799763679504,0.32356685400009155,50
347,0,0,0,False,False,0.48359933495521545,0.20641468465328217,50
348,0,0,0,False,False,0.4678470492362976,0.2805190682411194,50
349,0,0,1,True,True,0.0370304137468338,0.029687240719795227,6
350,0,0,0,False,False,0.5059861540794373,0.2795974612236023,50
351,0,0,0,False,False,0.48533692955970764,0.24292251467704773,50
352,0,0,0,False,False,0.48979777097702026,0.26288849115371704,50
353,0,0,1,True,True,0.32813918590545654,0.26355910301208496,34
354,0,0,0,False,False,0.45851626992225647,0.37017861008644104,50
355,0,0,0,False,False,0.5051060318946838,0.2768518924713135,50
356,0,0,0,False,False,0.46533191204071045,0.2386454939842224,50
357,0,0,1,True,True,0.3452053666114807,0.16778706014156342,41
358,0,0,0,False,False,0.48484575748443604,0.2318679392337799,50
359,0,0,1,True,True,0.15865682065486908,0.144706130027771,18
360,0,0,0,False,False,0.4962100386619568,0.2247834950685501,50
361,0,0,0,False,False,0.5076355338096619,0.276703417301178,50
362,0,0,0,False,False,0.4855305552482605,0.21777819097042084,50
363,0,0,0,False,False,0.4865000545978546,0.17734727263450623,50
364,0,0,0,False,False,0.4934007227420807,0.24683696031570435,50
365,0,0,0,False,False,0.5034033060073853,0.233492910861969,50
366,0,0,0,False,False,0.4857166111469269,0.26790082454681396,50
367,0,0,0,False,False,0.5022279024124146,0.20761409401893616,50
368,1,1,0,True,True,0.18523557484149933,0.12673959136009216,27
369,0,0,0,False,False,0.48555219173431396,0.23484322428703308,50
370,0,0,0,False,False,0.5098584294319153,0.3325558304786682,50
371,0,0,0,False,False,0.5079742670059204,0.2407989650964737,50
372,0,0,0,False,False,0.4862349331378937,0.23953571915626526,50
373,0,0,0,False,False,0.4899946451187134,0.1995435357093811,50
374,0,0,0,False,False,0.4850817024707794,0.21980471909046173,50
375,0,0,0,False,False,0.48747116327285767,0.25395387411117554,50
376,1,1,0,True,True,0.149612694978714,0.13650014996528625,16
377,0,0,0,False,False,0.49988463521003723,0.2546248435974121,50
378,0,1,1,True,False,0.0,0.0,1
379,1,1,1,False,False,0.5091070532798767,0.2351623773574829,50
380,1,1,0,True,True,0.28303226828575134,0.2555684447288513,29
381,1,1,1,False,False,0.252460777759552,0.13864341378211975,50
382,0,0,0,False,False,0.4985237121582031,0.2520907521247864,50
383,0,0,0,False,False,0.4964735805988312,0.2991313338279724,50
384,0,0,1,True,True,0.358372300863266,0.23228749632835388,37
385,0,0,0,False,False,0.48636573553085327,0.2596616744995117,50
386,0,0,0,False,False,0.5099533796310425,0.22373372316360474,50
387,0,0,0,False,False,0.49805131554603577,0.24709555506706238,50
388,1,1,0,True,True,0.24249905347824097,0.21911750733852386,25
389,1,1,1,False,False,0.49385443329811096,0.2995429039001465,50
390,0,0,0,False,False,0.48829105496406555,0.24795007705688477,50
391,0,0,0,False,False,0.4888901114463806,0.256574809551239,50
392,0,0,0,False,False,0.43945568799972534,0.23607087135314941,50
393,0,0,0,False,False,0.490691602230072,0.22994256019592285,50
394,0,0,0,False,False,0.4918910562992096,0.22954142093658447,50
395,0,0,0,False,False,0.4677846133708954,0.30847063660621643,50
396,0,0,0,False,False,0.5092545747756958,0.28177610039711,50
397,0,0,0,False,False,0.506161093711853,0.27839744091033936,50
398,1,1,1,False,False,0.5092000961303711,0.2848641872406006,50
399,1,1,1,False,False,0.5075002312660217,0.2944988012313843,50
400,0,0,0,False,False,0.5064789652824402,0.20468801259994507,50
401,0,0,0,False,False,0.4947965741157532,0.2061234414577484,50
402,0,0,0,False,False,0.49297598004341125,0.22994208335876465,50
403,1,1,0,True,True,0.2548857629299164,0.21322739124298096,28
404,0,0,0,False,False,0.5027536749839783,0.19920115172863007,50
405,1,1,0,True,True,0.2528674900531769,0.23089082539081573,26
406,1,1,1,False,False,0.22494913637638092,0.11886384338140488,50
407,0,0,0,False,False,0.48980823159217834,0.23884516954421997,50
408,0,0,0,False,False,0.4941805601119995,0.206631600856781,50
409,0,0,0,False,False,0.48323768377304077,0.22184069454669952,50
410,0,0,0,False,False,0.48532822728157043,0.22403807938098907,50
411,0,0,1,True,True,0.21545425057411194,0.16720221936702728,23
412,1,1,1,False,False,0.18592678010463715,0.11735472083091736,50
413,0,0,0,False,False,0.5019550323486328,0.18342818319797516,50
414,0,1,1,True,False,0.0,0.0,1
415,1,1,1,False,False,0.18702873587608337,0.08574578166007996,50
416,0,0,0,False,False,0.48390284180641174,0.2086411863565445,50
417,0,0,0,False,False,0.4911804795265198,0.26743683218955994,50
418,0,0,0,False,False,0.503485381603241,0.17296364903450012,50
419,0,0,0,False,False,0.5053801536560059,0.23078081011772156,50
420,0,0,0,False,False,0.4908968210220337,0.24335253238677979,50
421,0,0,0,False,False,0.483230322599411,0.2060910016298294,50
422,0,0,0,False,False,0.4991084933280945,0.42145928740501404,50
423,0,0,1,True,True,0.3116520047187805,0.21521714329719543,32
424,0,0,0,False,False,0.508175790309906,0.2857564687728882,50
425,0,0,0,False,False,0.4873552918434143,0.2316288948059082,50
426,1,1,0,True,True,0.060493215918540955,0.03372761607170105,7
427,0,0,0,False,False,0.4922262132167816,0.24052225053310394,50
428,0,0,0,False,False,0.48459914326667786,0.2188347727060318,50
429,0,0,0,False,False,0.5075754523277283,0.293658971786499,50
430,0,0,0,False,False,0.5083772540092468,0.22921615839004517,50
431,0,0,0,False,False,0.5092161297798157,0.26627254486083984,50
432,0,0,0,False,False,0.48716622591018677,0.21998171508312225,50
433,0,0,0,False,False,0.4934196472167969,0.40215104818344116,50
434,0,0,0,False,False,0.49623429775238037,0.31713980436325073,50
435,0,0,1,True,True,0.25282222032546997,0.2319021224975586,26
436,0,0,0,False,False,0.5055334568023682,0.3274528682231903,50
437,1,1,1,False,False,0.5042492151260376,0.3237156867980957,50
438,0,0,0,False,False,0.4837876260280609,0.20641367137432098,50
439,0,0,0,False,False,0.48227593302726746,0.22052045166492462,50
440,1,1,0,True,True,0.2629540264606476,0.23927699029445648,27
441,0,0,0,False,False,0.49131500720977783,0.23930127918720245,50
442,0,0,0,False,False,0.49193716049194336,0.24597297608852386,50
443,0,0,0,False,False,0.483025461435318,0.2259873002767563,50
444,1,1,1,False,False,0.5098772644996643,0.2861638069152832,50
445,0,0,0,False,False,0.5019354820251465,0.3330644369125366,50
446,0,0,0,False,False,0.48056545853614807,0.18734103441238403,50
447,0,0,0,False,False,0.5061599016189575,0.19113445281982422,50
448,0,0,0,False,False,0.49139007925987244,0.23599426448345184,50
449,0,0,0,False,False,0.4845976233482361,0.2189202457666397,50
450,1,1,1,False,False,0.5072943568229675,0.27771425247192383,50
451,0,0,0,False,False,0.5042007565498352,0.23030397295951843,50
452,0,0,0,False,False,0.5076611638069153,0.37208008766174316,50
453,0,0,0,False,False,0.4825412929058075,0.22516845166683197,50
454,1,1,1,False,False,0.5077742338180542,0.2999694347381592,50
455,0,0,0,False,False,0.4908211827278137,0.23990312218666077,50
456,1,1,0,True,True,0.09100327640771866,0.04504978656768799,10
457,0,0,0,False,False,0.48472723364830017,0.24014706909656525,50
458,0,0,1,True,True,0.4317365288734436,0.33268946409225464,44
459,1,1,1,False,False,0.5068869590759277,0.3242652416229248,50
460,0,0,0,False,False,0.5055072903633118,0.20309849083423615,50
461,1,1,1,False,False,0.5073147416114807,0.29576319456100464,50
462,0,0,0,False,False,0.48952603340148926,0.259928822517395,50
463,1,0,0,True,False,0.0,0.0,1
464,0,0,0,False,False,0.4952585697174072,0.3028985559940338,50
465,0,0,0,False,False,0.49201667308807373,0.2463611662387848,50
466,0,0,1,True,True,0.3632124364376068,0.30097728967666626,39
467,0,0,0,False,False,0.5075896978378296,0.20533311367034912,50
468,0,0,0,False,False,0.4941881597042084,0.251250684261322,50
469,0,0,0,False,False,0.4844045639038086,0.24437011778354645,50
470,0,0,0,False,False,0.48569926619529724,0.21751846373081207,50
471,1,1,0,True,True,0.262888103723526,0.23920972645282745,27
472,1,1,0,True,True,0.3812153935432434,0.3321053683757782,39
473,0,0,0,False,False,0.505729079246521,0.27263543009757996,50
474,0,0,1,True,True,0.4158371686935425,0.3282089829444885,45
475,0,0,0,False,False,0.5082749724388123,0.24570722877979279,50
476,0,0,0,False,False,0.43906456232070923,0.2601704001426697,50
477,0,0,0,False,False,0.482671856880188,0.22007669508457184,50
478,0,0,0,False,False,0.5040723085403442,0.3226521909236908,50
479,0,0,0,False,False,0.4894387125968933,0.3459169864654541,50
480,0,0,0,False,False,0.509614884853363,0.22584319114685059,50
481,0,0,0,False,False,0.4812191426753998,0.22382862865924835,50
482,0,0,0,False,False,0.4910905063152313,0.2678276002407074,50
483,0,0,0,False,False,0.505648672580719,0.2946884334087372,50
484,0,0,0,False,False,0.481855183839798,0.21923348307609558,50
485,1,1,0,True,True,0.27309396862983704,0.24797160923480988,28
486,0,0,0,False,False,0.4934762120246887,0.2320629209280014,50
487,0,0,0,False,False,0.5037176609039307,0.23819085955619812,50
488,0,0,1,True,True,0.25290241837501526,0.2331889420747757,26
489,0,0,1,True,True,0.13095751404762268,0.07350699603557587,14
490,0,0,0,False,False,0.49019259214401245,0.258564293384552,50
491,0,0,1,True,True,0.2527720034122467,0.23359861969947815,26
492,0,0,0,False,False,0.49351444840431213,0.2474948763847351,50
493,0,0,0,False,False,0.4792991876602173,0.22493423521518707,50
494,1,1,1,False,False,0.509265661239624,0.28524911403656006,50
495,0,0,0,False,False,0.47607511281967163,0.39201170206069946,50
496,0,0,0,False,False,0.47748371958732605,0.2687567472457886,50
497,1,1,1,False,False,0.4885692000389099,0.3317946493625641,50
498,0,0,0,False,False,0.4977295994758606,0.2508169412612915,50
499,0,0,1,True,True,0.2531689405441284,0.23223257064819336,26
500,0,0,0,False,False,0.47390016913414,0.24617624282836914,50
501,1,1,1,False,False,0.5001171827316284,0.31115883588790894,50
502,0,0,0,False,False,0.487486869096756,0.22626787424087524,50
503,0,0,0,False,False,0.4904229938983917,0.2644113004207611,50
504,0,0,0,False,False,0.48291948437690735,0.22187261283397675,50
505,0,0,0,False,False,0.5083034634590149,0.2362988293170929,50
506,0,0,0,False,False,0.5028920769691467,0.3742527663707733,50
507,0,0,0,False,False,0.5083887577056885,0.33305421471595764,50
508,0,0,1,True,True,0.45374956727027893,0.35039204359054565,49
509,0,0,0,False,False,0.49138978123664856,0.2438134253025055,50
510,0,0,0,False,False,0.5043557286262512,0.21966376900672913,50
511,0,0,0,False,False,0.48681384325027466,0.250389963388443,50
512,0,0,0,False,False,0.5047630667686462,0.23637093603610992,50
513,0,0,1,True,True,0.25257012248039246,0.2326408475637436,26
514,0,0,0,False,False,0.4876803159713745,0.2277204841375351,50
515,0,0,0,False,False,0.492551326751709,0.32108086347579956,50
516,0,0,0,False,False,0.43391692638397217,0.23553340137004852,50
517,1,1,1,False,False,0.5072067975997925,0.27217531204223633,50
518,0,0,0,False,False,0.48318418860435486,0.22631119191646576,50
519,0,0,0,False,False,0.4854881465435028,0.23022814095020294,50
520,0,0,0,False,False,0.4701731503009796,0.2507432699203491,50
521,0,0,0,False,False,0.50164395570755,0.21941494941711426,50
522,0,0,0,False,False,0.4958347678184509,0.27402547001838684,50
523,0,0,0,False,False,0.49806666374206543,0.21089765429496765,50
524,1,1,1,False,False,0.5099185705184937,0.20697341859340668,50
525,1,1,1,False,False,0.20690597593784332,0.10348603129386902,50
526,0,0,0,False,False,0.48933738470077515,0.26711222529411316,50
527,0,0,0,False,False,0.4957757890224457,0.31236201524734497,50
528,1,1,1,False,False,0.5099052786827087,0.20653454959392548,50
529,0,0,0,False,False,0.5030615329742432,0.2795439660549164,50
530,1,1,1,False,False,0.5042961239814758,0.30445918440818787,50
531,0,0,0,False,False,0.4872349500656128,0.22472833096981049,50
532,1,1,0,True,True,0.42723599076271057,0.24930231273174286,44
533,0,0,0,False,False,0.4982810318470001,0.23457157611846924,50
534,0,0,0,False,False,0.4993346035480499,0.38412779569625854,50
535,0,0,0,False,False,0.48346465826034546,0.24325791001319885,50
536,0,0,0,False,False,0.49273574352264404,0.26582270860671997,50
537,1,1,1,False,False,0.17740850150585175,0.1015065610408783,50
538,0,0,0,False,False,0.5022908449172974,0.2116551548242569,50
539,0,0,0,False,False,0.498562216758728,0.2728726863861084,50
540,1,1,1,False,False,0.43924203515052795,0.22561779618263245,50
541,0,0,0,False,False,0.49743467569351196,0.24923597276210785,50
542,0,0,0,False,False,0.4888511598110199,0.24091915786266327,50
543,0,0,0,False,False,0.4785817563533783,0.2234911173582077,50
544,0,0,0,False,False,0.48535218834877014,0.2186816781759262,50
545,0,0,0,False,False,0.4682023525238037,0.2264706939458847,50
546,0,0,0,False,False,0.50730299949646,0.26670509576797485,50
547,1,1,1,False,False,0.5074471831321716,0.29400384426116943,50
548,0,0,1,True,True,0.447868287563324,0.34530121088027954,48
549,0,0,0,False,False,0.4747583270072937,0.38053813576698303,50
550,1,1,0,True,True,0.2526404559612274,0.2287582904100418,26
551,0,0,0,False,False,0.5096287131309509,0.261379599571228,50
552,0,0,0,False,False,0.4902344048023224,0.24193885922431946,50
553,1,1,1,False,False,0.5082055330276489,0.3040831983089447,50
554,0,0,1,True,True,0.044711675494909286,0.03887121379375458,7
555,0,0,0,False,False,0.4886113405227661,0.22597166895866394,50
556,0,0,0,False,False,0.49269235134124756,0.21606098115444183,50
557,0,0,1,True,True,0.03166623041033745,0.015205323696136475,5
558,0,0,0,False,False,0.4955180585384369,0.40360116958618164,50
559,0,0,0,False,False,0.5044020414352417,0.26564449071884155,50
560,0,0,0,False,False,0.5002973675727844,0.2344212830066681,50
561,0,0,1,True,True,0.4484313726425171,0.3520432412624359,49
562,0,0,0,False,False,0.4907989203929901,0.29135483503341675,50
563,0,0,0,False,False,0.5067867636680603,0.3810853660106659,50
564,0,0,0,False,False,0.4603394567966461,0.36131706833839417,50
565,1,1,1,False,False,0.15765751898288727,0.08840286731719971,50
566,0,0,1,True,True,0.05586254596710205,0.03686247766017914,7
567,0,0,1,True,True,0.4509686529636383,0.30111032724380493,46
568,1,1,1,False,False,0.509394109249115,0.24648407101631165,50
569,0,0,0,False,False,0.5078226327896118,0.21967315673828125,50
570,0,0,0,False,False,0.49045878648757935,0.24068774282932281,50
571,0,0,0,False,False,0.49443545937538147,0.24544166028499603,50
572,0,0,0,False,False,0.48663783073425293,0.21657563745975494,50
573,0,0,0,False,False,0.49734577536582947,0.20447057485580444,50
574,0,0,1,True,True,0.4678976833820343,0.39027586579322815,48
575,1,1,1,False,False,0.5051339268684387,0.2353285551071167,50
576,1,1,1,False,False,0.19638748466968536,0.12527938187122345,50
577,0,0,0,False,False,0.49843528866767883,0.2323089987039566,50
578,0,0,0,False,False,0.48839521408081055,0.247677281498909,50
579,0,0,0,False,False,0.49172335863113403,0.24088743329048157,50
580,0,0,0,False,False,0.4870777726173401,0.2261989861726761,50
581,0,0,0,False,False,0.49721670150756836,0.26990050077438354,50
582,0,0,0,False,False,0.4909891188144684,0.24410276114940643,50
583,0,0,0,False,False,0.5093915462493896,0.2397162914276123,50
584,0,0,0,False,False,0.48690274357795715,0.2611599564552307,50
585,0,0,0,False,False,0.5035372972488403,0.2522554397583008,50
586,1,1,0,True,True,0.303687185049057,0.2659963369369507,31
587,0,0,0,False,False,0.49215513467788696,0.2564260959625244,50
588,0,0,0,False,False,0.48636573553085327,0.2596616744995117,50
589,0,0,0,False,False,0.48759591579437256,0.2568489909172058,50
590,0,0,0,False,False,0.480480819940567,0.3390013575553894,50
591,0,0,0,False,False,0.5047327876091003,0.20130857825279236,50
592,0,0,0,False,False,0.5031498670578003,0.2361738681793213,50
593,0,0,0,False,False,0.4992634952068329,0.24541303515434265,50
594,0,0,0,False,False,0.49877458810806274,0.30894169211387634,50
595,0,0,0,False,False,0.49576568603515625,0.2685762643814087,50
596,0,0,0,False,False,0.47356802225112915,0.3514689803123474,50
597,0,0,0,False,False,0.4941779375076294,0.2516173720359802,50
598,0,0,0,False,False,0.5072869658470154,0.276550829410553,50
599,0,0,0,False,False,0.4749988913536072,0.20338869094848633,50
600,0,0,0,False,False,0.4873441755771637,0.2606807351112366,50
601,0,0,0,False,False,0.4926624596118927,0.2478329837322235,50
602,0,0,0,False,False,0.49050799012184143,0.24870236217975616,50
603,1,1,1,False,False,0.5070652365684509,0.2969849705696106,50
604,0,0,0,False,False,0.49608391523361206,0.27121439576148987,50
605,0,0,0,False,False,0.48547303676605225,0.22319389879703522,50
606,0,0,0,False,False,0.483897864818573,0.23644757270812988,50
607,0,0,0,False,False,0.5009750127792358,0.17856603860855103,50
608,0,0,0,False,False,0.5050602555274963,0.21245142817497253,50
609,0,0,0,False,False,0.48477903008461,0.2331133484840393,50
610,1,0,0,True,False,0.0,0.0,1
611,0,0,0,False,False,0.5031905770301819,0.2805824279785156,50
612,0,0,0,False,False,0.4956721365451813,0.1889098882675171,50
613,0,0,0,False,False,0.5073217153549194,0.2448238730430603,50
614,1,1,1,False,False,0.5060877799987793,0.2921053171157837,50
615,0,0,0,False,False,0.5100038051605225,0.2976999282836914,50
616,1,1,0,True,True,0.28324294090270996,0.25588226318359375,29
617,0,0,0,False,False,0.48778802156448364,0.2537344992160797,50
618,0,0,0,False,False,0.5072655081748962,0.2460692822933197,50
619,0,0,0,False,False,0.49306729435920715,0.3074389100074768,50
620,1,1,0,True,True,0.25276249647140503,0.22902442514896393,26
621,0,0,0,False,False,0.4987531006336212,0.24915090203285217,50
622,0,0,0,False,False,0.49057143926620483,0.23867252469062805,50
623,0,0,0,False,False,0.4950440227985382,0.24348586797714233,50
624,0,0,0,False,False,0.48663562536239624,0.22167186439037323,50
625,0,0,0,False,False,0.5047640204429626,0.3382197618484497,50
626,1,1,1,False,False,0.5073960423469543,0.2470884621143341,50
627,0,0,0,False,False,0.4773869812488556,0.2195480912923813,50
628,0,0,0,False,False,0.4924027621746063,0.32150036096572876,50
629,0,0,0,False,False,0.48436158895492554,0.20142944157123566,50
630,0,0,0,False,False,0.48822301626205444,0.253205269575119,50
631,0,0,0,False,False,0.49042022228240967,0.20174309611320496,50
632,0,0,0,False,False,0.49361613392829895,0.2612323760986328,50
633,1,1,0,True,True,0.18598733842372894,0.138636976480484,23
634,1,1,1,False,False,0.506476104259491,0.21263182163238525,50
635,0,0,0,False,False,0.4889093339443207,0.25996166467666626,50
636,0,0,0,False,False,0.4873461127281189,0.23042964935302734,50
637,0,0,0,False,False,0.48392990231513977,0.2201843112707138,50
638,0,0,1,True,True,0.2529653012752533,0.23288239538669586,26
639,0,0,1,True,True,0.24220643937587738,0.17852985858917236,25
640,0,0,1,True,True,0.4121219515800476,0.34985989332199097,43
641,0,0,0,False,False,0.4793478548526764,0.2250937670469284,50
642,1,1,1,False,False,0.4710833430290222,0.20640574395656586,50
643,0,0,0,False,False,0.5030958652496338,0.27619272470474243,50
644,0,0,1,True,True,0.42922818660736084,0.2967502772808075,44
645,1,1,0,True,True,0.06969711929559708,0.03437843918800354,8
646,1,1,1,False,False,0.49453797936439514,0.3072064518928528,50
647,0,0,0,False,False,0.4900311529636383,0.2630065679550171,50
648,0,0,0,False,False,0.48632216453552246,0.20933987200260162,50
649,0,0,0,False,False,0.48670321702957153,0.2217320054769516,50
650,0,0,0,False,False,0.48490235209465027,0.24136057496070862,50
651,0,0,0,False,False,0.4769527316093445,0.24531947076320648,50
652,0,0,0,False,False,0.4866759479045868,0.23953232169151306,50
653,1,1,1,False,False,0.5096704959869385,0.27833688259124756,50
654,0,0,0,False,False,0.49175795912742615,0.2540997564792633,50
655,0,0,0,False,False,0.49040037393569946,0.2627807855606079,50
656,0,0,0,False,False,0.48245808482170105,0.309370756149292,50
657,0,0,0,False,False,0.5088393688201904,0.30040818452835083,50
658,0,0,0,False,False,0.49053633213043213,0.2387302815914154,50
659,0,0,0,False,False,0.49954861402511597,0.229042649269104,50
660,0,0,1,True,True,0.06757303327322006,0.03863005340099335,8
661,0,0,0,False,False,0.4987778663635254,0.3875733017921448,50
662,1,1,1,False,False,0.5046074986457825,0.3092469871044159,50
663,0,0,0,False,False,0.4770202040672302,0.22142072021961212,50
664,1,1,1,False,False,0.4659152030944824,0.2143208384513855,50
665,0,0,0,False,False,0.4485850930213928,0.22410106658935547,50
666,1,1,1,False,False,0.5081850290298462,0.2079988718032837,50
667,0,0,0,False,False,0.5086694359779358,0.3425772786140442,50
668,1,1,1,False,False,0.5074372887611389,0.30311548709869385,50
669,0,0,0,False,False,0.504916787147522,0.20289346575737,50
670,0,0,0,False,False,0.4884587228298187,0.26134175062179565,50
671,1,1,1,False,False,0.5044844746589661,0.25618505477905273,50
672,1,1,1,False,False,0.48696601390838623,0.28122061491012573,50
673,0,0,0,False,False,0.4888048470020294,0.2182232141494751,50
674,0,0,0,False,False,0.5092228651046753,0.2553616464138031,50
675,0,0,1,True,True,0.2531644105911255,0.2322629988193512,26
676,1,1,1,False,False,0.4988546669483185,0.23772859573364258,50
677,0,0,0,False,False,0.5065926909446716,0.2656271159648895,50
678,0,0,0,False,False,0.4910005033016205,0.2615308165550232,50
679,0,0,0,False,False,0.4944978952407837,0.20054364204406738,50
680,0,0,0,False,False,0.49542108178138733,0.27325308322906494,50
681,0,0,1,True,True,0.25273191928863525,0.2324461191892624,26
682,0,0,0,False,False,0.4834200143814087,0.22522956132888794,50
683,0,0,0,False,False,0.493163138628006,0.32558774948120117,50
684,0,0,0,False,False,0.4934966564178467,0.2033064365386963,50
685,0,0,0,False,False,0.49101853370666504,0.2592630088329315,50
686,1,1,1,False,False,0.5081680417060852,0.3004920482635498,50
687,1,1,1,False,False,0.5064341425895691,0.291229248046875,50
688,0,0,0,False,False,0.4925602078437805,0.2221529483795166,50
689,0,0,1,True,True,0.09143976867198944,0.058220863342285156,10
690,0,0,0,False,False,0.4904584586620331,0.24149011075496674,50
691,1,1,1,False,False,0.34721100330352783,0.1381261944770813,50
692,0,0,0,False,False,0.4871475100517273,0.2353839874267578,50
693,0,0,0,False,False,0.4910256564617157,0.2616463899612427,50
694,0,0,0,False,False,0.4957280457019806,0.27277347445487976,50
695,0,0,0,False,False,0.49956387281417847,0.1996261477470398,50
696,0,0,0,False,False,0.48569774627685547,0.22889654338359833,50
697,0,0,0,False,False,0.4817403256893158,0.22180823981761932,50
698,0,1,1,True,False,0.0,0.0,1
699,1,1,1,False,False,0.5058513879776001,0.30540454387664795,50
700,1,1,0,True,True,0.2268471121788025,0.10674037039279938,24
701,0,0,0,False,False,0.49453237652778625,0.24925410747528076,50
702,0,0,0,False,False,0.5081164836883545,0.24015533924102783,50
703,0,0,0,False,False,0.4760053753852844,0.2293200045824051,50
704,1,1,1,False,False,0.4986356496810913,0.29947829246520996,50
705,1,1,1,False,False,0.4870850741863251,0.28061386942863464,50
706,0,0,0,False,False,0.4842880368232727,0.20653174817562103,50
707,0,0,0,False,False,0.4919159710407257,0.20996011793613434,50
708,0,0,0,False,False,0.48508211970329285,0.22455994784832,50
709,0,0,0,False,False,0.49337631464004517,0.2674725651741028,50
710,0,0,0,False,False,0.5097506642341614,0.24643121659755707,50
711,0,0,0,False,False,0.5043811798095703,0.2520238161087036,50
712,0,0,1,True,True,0.3964383006095886,0.3328428268432617,41
713,0,0,0,False,False,0.5011510252952576,0.28587043285369873,50
714,1,1,1,False,False,0.5071170330047607,0.30059540271759033,50
715,0,0,1,True,True,0.105397529900074,0.06662321835756302,12
716,0,0,0,False,False,0.4902418553829193,0.26866614818573,50
717,0,0,0,False,False,0.4883442521095276,0.3338630497455597,50
718,0,0,0,False,False,0.46741726994514465,0.30800557136535645,50
719,0,0,0,False,False,0.4834614098072052,0.3168017566204071,50
720,0,0,0,False,False,0.5053645968437195,0.2097204327583313,50
721,1,1,1,False,False,0.508414626121521,0.30227130651474,50
722,0,0,0,False,False,0.5051921010017395,0.34159034490585327,50
723,0,0,0,False,False,0.4917522966861725,0.24187694489955902,50
724,0,0,0,False,False,0.509132444858551,0.27815544605255127,50
725,0,0,0,False,False,0.49030014872550964,0.24108482897281647,50
726,0,0,0,False,False,0.4931598901748657,0.25484755635261536,50
727,0,0,0,False,False,0.5055914521217346,0.2671048939228058,50
728,0,0,0,False,False,0.5066813230514526,0.2534226179122925,50
729,0,0,1,True,True,0.2527720034122467,0.23359861969947815,26
730,1,1,1,False,False,0.4933120310306549,0.317965030670166,50
731,0,0,0,False,False,0.5005878210067749,0.3828160762786865,50
732,0,0,1,True,True,0.08147285133600235,0.08036871254444122,9
733,0,0,0,False,False,0.455753356218338,0.22306448221206665,50
734,0,0,0,False,False,0.491854190826416,0.3269418776035309,50
735,1,1,1,False,False,0.17054638266563416,0.10328876972198486,50
736,1,1,1,False,False,0.5036072731018066,0.25147712230682373,50
737,1,1,1,False,False,0.5071194171905518,0.2949244976043701,50
738,1,1,0,True,True,0.23983478546142578,0.20958299934864044,25
739,1,1,1,False,False,0.5015050172805786,0.28758275508880615,50
740,0,0,0,False,False,0.5029280781745911,0.22157150506973267,50
741,0,0,0,False,False,0.4892078638076782,0.2455144077539444,50
742,0,0,0,False,False,0.45823708176612854,0.22233588993549347,50
743,0,0,0,False,False,0.4904254674911499,0.24336564540863037,50
744,0,0,0,False,False,0.5040052533149719,0.31124529242515564,50
745,0,0,0,False,False,0.4955824911594391,0.22243207693099976,50
746,0,0,0,False,False,0.4823153614997864,0.2233627587556839,50
747,0,0,0,False,False,0.49387508630752563,0.2378786951303482,50
748,0,0,0,False,False,0.49022218585014343,0.2385770082473755,50
749,0,0,0,False,False,0.49014711380004883,0.25753602385520935,50
750,0,0,0,False,False,0.49686357378959656,0.24830329418182373,50
751,0,0,1,True,True,0.04698724299669266,0.03377161920070648,6
752,0,0,0,False,False,0.4801022410392761,0.2525845170021057,50
753,0,0,0,False,False,0.5099230408668518,0.31439918279647827,50
754,1,1,0,True,True,0.4050699770450592,0.38748878240585327,41
755,0,0,0,False,False,0.5019117593765259,0.24836933612823486,50
756,0,0,0,False,False,0.48239821195602417,0.23852935433387756,50
757,0,0,0,False,False,0.5009571313858032,0.18322694301605225,50
758,1,1,0,True,True,0.1455591917037964,0.11305895447731018,16
759,0,0,0,False,False,0.49066951870918274,0.42752957344055176,50
760,1,1,0,True,True,0.0698939710855484,0.04504740238189697,8
761,0,0,0,False,False,0.4971804618835449,0.3233414888381958,50
762,0,0,0,False,False,0.503397524356842,0.2854229211807251,50
763,0,0,0,False,False,0.5033063888549805,0.32718002796173096,50
764,0,0,0,False,False,0.500052809715271,0.22900618612766266,50
765,1,1,0,True,True,0.2887898087501526,0.18955811858177185,44
766,0,0,0,False,False,0.4942663609981537,0.24762141704559326,50
767,1,1,1,False,False,0.4882323443889618,0.28029823303222656,50
768,1,1,1,False,False,0.5052823424339294,0.2236756831407547,50
769,0,0,0,False,False,0.4934796690940857,0.25365540385246277,50
770,0,0,0,False,False,0.4834703505039215,0.22553397715091705,50
771,0,0,0,False,False,0.5027636885643005,0.3110029697418213,50
772,1,1,0,True,True,0.27320730686187744,0.24763505160808563,28
773,1,1,1,False,False,0.5047518610954285,0.2588726282119751,50
774,0,0,0,False,False,0.49462398886680603,0.24957826733589172,50
775,0,0,1,True,True,0.3077455461025238,0.2415248155593872,32
776,0,0,0,False,False,0.49731338024139404,0.3800976276397705,50
777,0,0,0,False,False,0.4813792407512665,0.21912766993045807,50
778,0,0,0,False,False,0.48125508427619934,0.22045548260211945,50
779,0,0,0,False,False,0.4891706109046936,0.25690990686416626,50
780,0,0,0,False,False,0.5078694820404053,0.28966856002807617,50
781,0,0,0,False,False,0.4887334704399109,0.30480629205703735,50
782,0,0,1,True,True,0.22194090485572815,0.2115740180015564,23
783,0,0,0,False,False,0.5091665387153625,0.3265479505062103,50
784,0,0,0,False,False,0.307839035987854,0.1590638905763626,50
785,0,0,0,False,False,0.4969289302825928,0.22669386863708496,50
786,0,0,0,False,False,0.5090193748474121,0.3441009521484375,50
787,0,0,0,False,False,0.4949175715446472,0.2486242651939392,50
788,1,1,1,False,False,0.18524158000946045,0.11880956590175629,50
789,0,0,0,False,False,0.4890451729297638,0.20961196720600128,50
790,0,0,0,False,False,0.5090290904045105,0.2842057943344116,50
791,0,0,0,False,False,0.48747116327285767,0.25395387411117554,50
792,1,1,1,False,False,0.5064351558685303,0.29782384634017944,50
793,0,0,0,False,False,0.5083701014518738,0.24950170516967773,50
794,0,0,0,False,False,0.508320152759552,0.3208005726337433,50
795,0,0,0,False,False,0.4925824999809265,0.255763441324234,50
796,0,0,0,False,False,0.4903683662414551,0.23956358432769775,50
797,0,0,0,False,False,0.5017711520195007,0.2942031919956207,50
798,0,0,0,False,False,0.5049846768379211,0.29409343004226685,50
799,0,0,0,False,False,0.48615679144859314,0.26292064785957336,50
800,0,1,1,True,False,0.0,0.0,1
801,1,1,1,False,False,0.1712998002767563,0.07448641955852509,50
802,0,0,0,False,False,0.5066909790039062,0.2001955211162567,50
803,0,0,0,False,False,0.5067728161811829,0.27472972869873047,50
804,1,1,1,False,False,0.509843111038208,0.20535746216773987,50
805,0,0,1,True,True,0.2526378929615021,0.23374170064926147,26
806,0,0,1,True,True,0.2531644105911255,0.2322629988193512,26
807,0,0,0,False,False,0.5074033737182617,0.2308589369058609,50
808,0,0,0,False,False,0.49520769715309143,0.2420579344034195,50
809,0,0,0,False,False,0.49501198530197144,0.2743709683418274,50
810,0,0,0,False,False,0.5021362900733948,0.23490861058235168,50
811,0,0,0,False,False,0.4888295531272888,0.2218163013458252,50
812,0,0,0,False,False,0.5020624399185181,0.2728257179260254,50
813,0,0,0,False,False,0.48619094491004944,0.21676962077617645,50
814,0,0,0,False,False,0.4885752499103546,0.3928641080856323,50
815,0,0,1,True,True,0.12112534046173096,0.09933044016361237,13
816,0,0,0,False,False,0.5073192715644836,0.21358969807624817,50
817,0,0,0,False,False,0.49761804938316345,0.24821771681308746,50
818,0,0,0,False,False,0.49728280305862427,0.25683170557022095,50
819,0,0,0,False,False,0.502781331539154,0.20836880803108215,50
820,0,0,0,False,False,0.5091943144798279,0.257357120513916,50
821,0,0,0,False,False,0.4963342547416687,0.18377482891082764,50
822,0,0,0,False,False,0.5099482536315918,0.28679442405700684,50
823,0,0,0,False,False,0.4894312918186188,0.2591400146484375,50
824,0,0,0,False,False,0.43730002641677856,0.21149834990501404,50
825,0,0,0,False,False,0.5002893209457397,0.2984364628791809,50
826,0,0,0,False,False,0.4984995424747467,0.28518879413604736,50
827,0,0,0,False,False,0.4831600785255432,0.2210797518491745,50
828,0,0,0,False,False,0.4390389025211334,0.23984159529209137,50
829,0,0,0,False,False,0.4720747768878937,0.22292542457580566,50
830,0,0,0,False,False,0.4913654923439026,0.19770470261573792,50
831,0,0,0,False,False,0.5062415599822998,0.238103985786438,50
832,1,1,1,False,False,0.47973769903182983,0.2969438433647156,50
833,0,0,0,False,False,0.5046534538269043,0.21649762988090515,50
834,0,0,0,False,False,0.48624125123023987,0.21812807023525238,50
835,1,1,0,True,True,0.27307239174842834,0.24821345508098602,28
836,0,0,0,False,False,0.5050195455551147,0.23403620719909668,50
837,0,1,1,True,False,0.0,0.0,1
838,0,0,0,False,False,0.4809328317642212,0.21680305898189545,50
839,0,0,0,False,False,0.4874620735645294,0.25513145327568054,50
840,0,0,0,False,False,0.48843154311180115,0.42080381512641907,50
841,1,1,1,False,False,0.5091165900230408,0.2748253345489502,50
842,0,0,0,False,False,0.44093140959739685,0.2499174326658249,50
843,1,1,1,False,False,0.5015993714332581,0.2877177298069,50
844,0,0,0,False,False,0.4864785671234131,0.2578217089176178,50
845,1,1,1,False,False,0.4847133457660675,0.2988741397857666,50
846,0,0,0,False,False,0.43776455521583557,0.22571779787540436,50
847,0,0,0,False,False,0.5022231340408325,0.1899205595254898,50
848,0,0,0,False,False,0.5064572095870972,0.38529789447784424,50
849,0,0,0,False,False,0.48748546838760376,0.22792135179042816,50
850,1,1,1,False,False,0.49312150478363037,0.28191807866096497,50
851,0,0,0,False,False,0.4904007613658905,0.2629103362560272,50
852,0,0,0,False,False,0.49356353282928467,0.3502768874168396,50
853,0,0,0,False,False,0.48583152890205383,0.22756238281726837,50
854,0,0,1,True,True,0.1214229092001915,0.09934268891811371,13
855,0,0,0,False,False,0.48630884289741516,0.26298558712005615,50
856,0,0,0,False,False,0.48831769824028015,0.20271120965480804,50
857,0,0,0,False,False,0.5038949847221375,0.33660098910331726,50
858,0,0,0,False,False,0.498819500207901,0.2527811527252197,50
859,0,0,0,False,False,0.5033659338951111,0.30763769149780273,50
860,0,0,0,False,False,0.48692139983177185,0.21469233930110931,50
861,0,0,0,False,False,0.5091055035591125,0.28576385974884033,50
862,0,0,0,False,False,0.47352534532546997,0.19727692008018494,50
863,0,0,0,False,False,0.494244784116745,0.24879874289035797,50
864,0,0,0,False,False,0.4925059378147125,0.241256982088089,50
865,0,0,0,False,False,0.4852982759475708,0.20800422132015228,50
866,0,0,0,False,False,0.4916684329509735,0.2097405344247818,50
867,0,0,0,False,False,0.4629555344581604,0.19166088104248047,50
868,0,0,0,False,False,0.4952998161315918,0.24969416856765747,50
869,0,0,0,False,False,0.5025230050086975,0.24100185930728912,50
870,0,0,0,False,False,0.49413442611694336,0.22861817479133606,50
871,1,1,1,False,False,0.4806881844997406,0.3098925054073334,50
872,0,0,0,False,False,0.5019014477729797,0.4001273512840271,50
873,1,1,1,False,False,0.5048909783363342,0.3057788610458374,50
874,0,0,0,False,False,0.5096246004104614,0.2979006767272949,50
875,0,0,0,False,False,0.4863426983356476,0.22440116107463837,50
876,0,0,1,True,True,0.03179514780640602,0.015351593494415283,5
877,0,0,0,False,False,0.48782867193222046,0.24502503871917725,50
878,0,0,0,False,False,0.4860323667526245,0.21672441065311432,50
879,1,1,0,True,True,0.18798212707042694,0.13002315163612366,27
880,0,0,0,False,False,0.5072474479675293,0.22421444952487946,50
881,0,0,0,False,False,0.4844367504119873,0.2213495522737503,50
882,1,1,0,True,True,0.25820767879486084,0.18893277645111084,30
883,0,0,0,False,False,0.5057499408721924,0.3931202292442322,50
884,0,0,0,False,False,0.49014151096343994,0.22763963043689728,50
885,0,0,0,False,False,0.5073868036270142,0.34282705187797546,50
886,1,1,1,False,False,0.49484777450561523,0.2789517045021057,50
887,0,0,0,False,False,0.4894097149372101,0.23925894498825073,50
888,0,0,1,True,True,0.2230941504240036,0.19404053688049316,23
889,0,0,0,False,False,0.4646413028240204,0.2528746426105499,50
890,0,0,0,False,False,0.4834880828857422,0.2772984802722931,50
891,0,0,1,True,True,0.2801384925842285,0.22752128541469574,30
892,0,0,0,False,False,0.485421746969223,0.2202215939760208,50
893,0,0,0,False,False,0.49195927381515503,0.24429717659950256,50
894,1,1,1,False,False,0.504165530204773,0.28894680738449097,50
895,0,0,0,False,False,0.49199309945106506,0.2437705099582672,50
896,0,0,0,False,False,0.5037952661514282,0.277019202709198,50
897,0,0,0,False,False,0.4980114698410034,0.25424665212631226,50
898,0,0,0,False,False,0.4920271933078766,0.21431602537631989,50
899,0,0,0,False,False,0.4858558475971222,0.25694823265075684,50
900,0,0,0,False,False,0.4941036105155945,0.2499585747718811,50
901,1,1,1,False,False,0.4918062388896942,0.3050265610218048,50
902,0,0,0,False,False,0.48429688811302185,0.22576521337032318,50
903,0,0,0,False,False,0.4844379723072052,0.25298604369163513,50
904,0,0,0,False,False,0.484674870967865,0.2201182097196579,50
905,1,1,1,False,False,0.5056363344192505,0.2914532423019409,50
906,1,1,1,False,False,0.5095905065536499,0.24378561973571777,50
907,1,1,0,True,True,0.2478794902563095,0.21174071729183197,27
908,0,0,0,False,False,0.5097472667694092,0.19687899947166443,50
909,1,1,1,False,False,0.496082603931427,0.2878808379173279,50
910,1,1,1,False,False,0.30507490038871765,0.13501456379890442,50
911,1,1,1,False,False,0.4765399992465973,0.21113359928131104,50
912,0,0,1,True,True,0.35813137888908386,0.23214596509933472,37
913,0,0,0,False,False,0.48969417810440063,0.23929111659526825,50
914,1,1,1,False,False,0.5099880695343018,0.2342652678489685,50
915,0,0,0,False,False,0.49257317185401917,0.2440953403711319,50
916,0,0,0,False,False,0.4824356734752655,0.22612763941287994,50
917,0,0,0,False,False,0.4867798984050751,0.2577180564403534,50
918,0,0,0,False,False,0.5091943144798279,0.3456459045410156,50
919,0,0,0,False,False,0.45688802003860474,0.26801908016204834,50
920,0,0,1,True,True,0.22437521815299988,0.17320923507213593,24
921,1,1,1,False,False,0.5081027150154114,0.26660752296447754,50
922,0,0,0,False,False,0.4904102385044098,0.2512089014053345,50
923,0,0,0,False,False,0.4905393719673157,0.23971529304981232,50
924,1,1,0,True,True,0.10064014047384262,0.04974567890167236,11
925,1,1,1,False,False,0.502433717250824,0.26217734813690186,50
926,0,0,0,False,False,0.45437952876091003,0.2241472601890564,50
927,0,0,0,False,False,0.48731282353401184,0.2599663734436035,50
928,0,0,0,False,False,0.5058433413505554,0.3859441578388214,50
929,0,0,0,False,False,0.4915381371974945,0.3500518202781677,50
930,0,0,0,False,False,0.4927310049533844,0.23993916809558868,50
931,0,0,1,True,True,0.3892521262168884,0.24471265077590942,40
932,0,0,0,False,False,0.5072987675666809,0.2637060880661011,50
933,0,0,0,False,False,0.5011968612670898,0.18895506858825684,50
934,0,0,0,False,False,0.5005443096160889,0.39970263838768005,50
935,1,1,0,True,True,0.2425568550825119,0.2191290408372879,25
936,0,0,0,False,False,0.48558399081230164,0.24377325177192688,50
937,1,1,1,False,False,0.5062450170516968,0.299151211977005,50
938,0,0,1,True,True,0.0316658616065979,0.015203237533569336,5
939,0,0,0,False,False,0.4912954270839691,0.2089603692293167,50
940,0,0,1,True,True,0.38836199045181274,0.24107787013053894,41
941,0,0,0,False,False,0.49639561772346497,0.2487383782863617,50
942,0,0,0,False,False,0.4920927882194519,0.24704515933990479,50
943,0,0,0,False,False,0.5080746412277222,0.2245957851409912,50
944,0,0,0,False,False,0.5075693130493164,0.33616459369659424,50
945,0,0,0,False,False,0.499518483877182,0.1844344139099121,50
946,0,0,0,False,False,0.47281357645988464,0.1973848044872284,50
947,0,0,0,False,False,0.4949277341365814,0.23900055885314941,50
948,0,0,0,False,False,0.47793740034103394,0.24378684163093567,50
949,0,1,1,True,False,0.0,0.0,1
950,0,0,0,False,False,0.5095447301864624,0.3125225603580475,50
951,0,0,0,False,False,0.49884405732154846,0.22116446495056152,50
952,0,0,0,False,False,0.4919520616531372,0.2419409453868866,50
953,0,0,0,False,False,0.4867781400680542,0.2267928421497345,50
954,0,0,0,False,False,0.5057088136672974,0.2020159661769867,50
955,0,0,0,False,False,0.5090267658233643,0.32637712359428406,50
956,0,0,0,False,False,0.4991829991340637,0.31382590532302856,50
957,0,0,0,False,False,0.49674296379089355,0.2730485796928406,50
958,1,1,1,False,False,0.5063832402229309,0.2543100118637085,50
959,0,0,1,True,True,0.4344577491283417,0.25933557748794556,47
960,0,0,1,True,True,0.35602492094039917,0.2445359081029892,45
961,0,0,0,False,False,0.48929572105407715,0.2585250735282898,50
962,0,0,0,False,False,0.47388696670532227,0.24621140956878662,50
963,0,0,1,True,True,0.45815467834472656,0.3162764310836792,47
964,0,0,0,False,False,0.4380832314491272,0.2507186532020569,50
965,0,0,0,False,False,0.48688703775405884,0.21877147257328033,50
966,0,0,0,False,False,0.5069245100021362,0.32144543528556824,50
967,0,0,0,False,False,0.5050360560417175,0.2085166573524475,50
968,0,0,0,False,False,0.43712711334228516,0.23977471888065338,50
969,0,0,0,False,False,0.5053437948226929,0.21515658497810364,50
970,0,0,0,False,False,0.5090045928955078,0.2545817792415619,50
971,0,0,0,False,False,0.49856847524642944,0.4323667883872986,50
972,0,0,0,False,False,0.5066666007041931,0.2549515962600708,50
973,0,0,0,False,False,0.5066200494766235,0.32097023725509644,50
974,0,0,0,False,False,0.504125714302063,0.34661415219306946,50
975,1,1,1,False,False,0.49814698100090027,0.28377625346183777,50
976,0,0,0,False,False,0.49737870693206787,0.21596556901931763,50
977,0,0,0,False,False,0.5017297267913818,0.24377284944057465,50
978,0,0,0,False,False,0.49036771059036255,0.24143874645233154,50
979,0,0,0,False,False,0.4785376787185669,0.2569737434387207,50
980,1,1,1,False,False,0.18594074249267578,0.11389827728271484,50
981,0,0,1,True,True,0.044703152030706406,0.03889937698841095,7
982,0,0,0,False,False,0.49234628677368164,0.24627424776554108,50
983,0,0,0,False,False,0.49629539251327515,0.25422239303588867,50
984,0,0,0,False,False,0.5051555633544922,0.23754765093326569,50
985,1,1,1,False,False,0.5098641514778137,0.2856619358062744,50
986,0,0,1,True,True,0.04607362672686577,0.034381940960884094,6
987,1,1,1,False,False,0.5077004432678223,0.2925482392311096,50
988,0,0,0,False,False,0.49513721466064453,0.2296602576971054,50
989,0,0,0,False,False,0.5043613910675049,0.29149752855300903,50
990,0,0,0,False,False,0.4973223805427551,0.28805601596832275,50
991,0,1,1,True,False,0.0,0.0,1
992,0,0,1,True,True,0.253160685300827,0.2315625548362732,26
993,0,0,0,False,False,0.4840104579925537,0.22269771993160248,50
994,0,0,0,False,False,0.49071356654167175,0.2424839735031128,50
995,1,1,1,False,False,0.5070881247520447,0.20806080102920532,50
996,0,0,0,False,False,0.44479185342788696,0.24312575161457062,50
997,0,0,0,False,False,0.5043476223945618,0.275030255317688,50
998,0,0,1,True,True,0.05099636688828468,0.03516726940870285,6
999,0,0,0,False,False,0.5031471848487854,0.2567059099674225,50
