epoch,loss,clean_loss,adversarial_loss,clean_accuracy,adversarial_accuracy,FGSM_batches,PGD_batches,CW_batches,DeepFool_batches
1,0.5274819963610368,0.1250377129233995,0.9299262805836802,0.9447571475986318,0.6953571810633553,713,712,712,712
2,0.19829727249999998,0.09798356052533816,0.2986109844118793,0.9532618504894902,0.7667577346027984,713,712,712,712
3,0.18442141961074568,0.08755771597035333,0.28128512319424137,0.9534703192589484,0.7731736352838878,713,712,712,712
4,0.17630427519981176,0.08085540908386726,0.2717531413131403,0.9562393879795811,0.7735919443278665,713,712,712,712
5,0.17348866275105504,0.07695020195665238,0.27002712337803764,0.9595406006643571,0.7664340594081133,713,712,712,712
6,0.1703416733032761,0.0740802768446739,0.266603069858014,0.9628857015111243,0.7670622087266125,713,712,712,712
7,0.1669313191363442,0.07178677406500164,0.26207586379136427,0.9688394049862438,0.7634702369686447,713,712,712,712
8,0.1656027598298357,0.07108399357072945,0.26012152600261595,0.971465837180405,0.7617723137016099,713,712,712,712
9,0.1643474198658747,0.07071332109707844,0.257981518684568,0.9723038267734246,0.7642327937832418,713,712,712,712
10,0.16326078341834707,0.07111615148537408,0.2554054152993896,0.9717922553852146,0.7749181897230383,713,712,712,712
